yrke,yrke_navn,hovedgruppe,hovedgruppe_navn,yrkesgruppe,yrkesgruppe_navn,lonnstakere,lonnstakere_start,vekst_antall,vekst_pst,median_lonn_start,reallonn_start,reallonn_slutt,lonn_vekst_pst,reallonn_vekst_pst,endring_bruddkvartal,median_lonn,median_lonn_kvinner,median_lonn_menn,gjennomsnittsalder,avtalt_arbeidstid,kvinner,menn,kvinneandel,under_40,fra_40_til_54,fra_55,andel_55plus,sykefravaer_pst,sykefravaer_aar,sammenlignbar,kvartal_start,kvartal_slutt
5223,Butikkmedarbeidere,5,Salgs- og serviceyrker,52,Salgsyrker,170281,166234,4047,0.024345200139562317,29000.0,39775.11111111111,42120.0,0.4524137931034482,0.058953672871924434,-1957,42120.0,41760.0,42810.0,35.8,17.3,103393,66888,0.6071904675213324,125269,25393,19619,0.11521543801128722,5.6,2025,true,2016K2,2026K2
5311,Barnehage- og skolefritidsassistenter mv.,5,Salgs- og serviceyrker,53,Pleie- og omsorgsarbeidere,96475,89083,7392,0.0829787950562959,30130.0,41324.968888888885,41610.0,0.3810155990706936,0.006897309756662695,966,41610.0,41610.0,41180.0,40.0,22.5,78405,18070,0.8126975900492356,50447,27152,18876,0.19565690593417984,9.2,2025,true,2016K2,2026K2
5321,Helsefagarbeidere,5,Salgs- og serviceyrker,53,Pleie- og omsorgsarbeidere,95278,92749,2529,0.027267140346526553,37520.0,51460.76444444444,56770.0,0.5130597014925373,0.10317055358334715,-578,56770.0,56850.0,56420.0,44.6,23.9,78170,17108,0.8204412351224837,36700,29705,28873,0.3030395264384223,10.3,2025,true,2016K2,2026K2
2422,Høyere saksbehandlere i offentlig og privat virksomhet,2,Akademiske yrker,24,"Rådgivere innen økonomi, administrasjon og salg",92092,65359,26733,0.40901788583056664,42920.0,58867.16444444444,61970.0,0.4438490214352284,0.05270910506457027,44,61970.0,60180.0,65710.0,46.6,35.2,60252,31840,0.6542587846935674,28850,35727,27515,0.2987773096468749,5.1,2025,true,2016K2,2026K2
2341,Grunnskolelærere,2,Akademiske yrker,23,Undervisningsyrker,82006,78106,3900,0.049932143497298576,42220.0,57907.07555555555,58830.0,0.3934154429180483,0.015938025458719585,770,58830.0,58790.0,58860.0,42.7,31.4,59808,22198,0.729312489330049,36899,28567,16540,0.20169255908104286,5.7,2025,true,2016K2,2026K2
5329,Andre pleiemedarbeidere,5,Salgs- og serviceyrker,53,Pleie- og omsorgsarbeidere,72734,62931,9803,0.15577378398563502,33580.0,46056.83555555555,48970.0,0.45830851697438946,0.06325151107983684,635,48970.0,48330.0,50870.0,38.5,15.8,55283,17451,0.760070943437732,47104,13509,12121,0.1666483350290098,6.7,2025,true,2016K2,2026K2
9112,Renholdere i bedrifter,9,"Renholdere, hjelpearbeidere mv.",91,Renholdere mv.,60326,61647,-1321,-0.021428455561503412,29170.0,40008.27555555555,41450.0,0.4209804593760713,0.03603565573433598,-768,41450.0,41430.0,41510.0,45.5,21.8,47226,13100,0.7828465338328415,21694,23806,14826,0.24576467857971687,8.2,2025,true,2016K2,2026K2
2223,Sykepleiere,2,Akademiske yrker,22,Medisinske yrker,59306,54847,4459,0.08129888599194124,41320.0,56672.67555555555,63050.0,0.5258954501452082,0.11252908711170395,-1269,63050.0,62580.0,66740.0,39.7,28.1,52979,6327,0.8933160219876572,32502,16200,10604,0.1788014703402691,8.4,2025,true,2016K2,2026K2
4110,Kontormedarbeidere,4,Kontoryrker,41,Kontormedarbeidere,53665,64302,-10637,-0.16542253740163604,34430.0,47222.65777777777,50000.0,0.4522218995062446,0.058813763411876385,-1247,50000.0,49520.0,51590.0,45.0,28.0,40402,13263,0.7528556787477872,21278,15879,16508,0.30761203764092054,5.9,2025,true,2016K2,2026K2
7115,Tømrere og snekkere,7,Håndverkere,71,Byggearbeidere,44400,47668,-3268,-0.06855752286649319,33450.0,45878.533333333326,49190.0,0.4705530642750373,0.07217900020052959,-2797,49190.0,44170.0,49300.0,40.1,35.8,863,43537,0.019436936936936936,21645,15054,7701,0.17344594594594595,6.3,2025,true,2016K2,2026K2
3322,Selgere (engros),3,Høyskoleyrker,33,"Medarbeidere innen økonomi, administrasjon og salg",44261,43669,592,0.01355652751379699,43250.0,59319.777777777774,64580.0,0.4931791907514451,0.088675689951637,-406,64580.0,59660.0,66670.0,45.1,34.9,13398,30863,0.30270441246243873,16510,16036,11715,0.2646799665619846,4.1,2025,true,2016K2,2026K2
4321,Lagermedarbeidere og material-forvaltere,4,Kontoryrker,43,Økonomi- og logistikkmedarbeidere,37864,34681,3183,0.0917793604567343,34280.0,47016.92444444444,48840.0,0.4247374562427071,0.038774878984475514,-1094,48840.0,46790.0,49330.0,40.8,30.8,7188,30676,0.18983731248679483,20101,10618,7145,0.188701669131629,6.3,2025,true,2016K2,2026K2
1120,Administrerende direktører,1,Ledere,11,Politikere og toppledere,37575,38134,-559,-0.014658834635758122,56490.0,77479.17333333332,83570.0,0.47937688086386965,0.07861243744125312,-330,83570.0,75000.0,87540.0,51.4,33.8,9769,27806,0.25998669328010643,5795,15367,16413,0.4368063872255489,3.8,2025,true,2016K2,2026K2
1420,Varehandelssjefer,1,Ledere,14,"Ledere i hotell, restaurant, varehandel mv.",34355,30212,4143,0.1371309413478088,40430.0,55451.99111111111,55000.0,0.3603759584466979,-0.008151034833094428,-229,55000.0,50000.0,62240.0,44.9,34.7,17331,17024,0.5044680541405909,12508,13046,8801,0.25617814000873235,5.8,2025,true,2016K2,2026K2
2342,Førskole-/barnehagelærere,2,Akademiske yrker,23,Undervisningsyrker,34321,29749,4572,0.1536858381794346,37200.0,51021.86666666666,53630.0,0.44166666666666665,0.05111795204147773,-70,53630.0,53630.0,52470.0,40.7,35.0,30645,3676,0.8928935637073512,17158,12511,4652,0.13554383613531074,9.4,2025,true,2016K2,2026K2
7411,Elektrikere,7,Håndverkere,74,"Elektrikere, elektronikere mv.",34159,27685,6474,0.23384504244175552,40190.0,55122.817777777775,56640.0,0.4093057974620553,0.027523669568899622,-8,56640.0,50980.0,56830.0,36.0,35.5,1276,32883,0.037354723498931465,21727,7560,4872,0.14262712608682923,4.7,2025,true,2016K2,2026K2
2511,Systemanalytikere/-arkitekter,2,Akademiske yrker,25,IKT-rådgivere,34084,20171,13913,0.6897526151405484,54170.0,74297.16444444444,76610.0,0.41425143068118886,0.031129526582202027,-362,76610.0,71250.0,78610.0,43.2,37.0,9117,24967,0.26748621053866917,14622,12828,6634,0.19463677972069007,3.0,2025,true,2016K2,2026K2
2221,Spesialsykepleiere,2,Akademiske yrker,22,Medisinske yrker,30567,27032,3535,0.13077093814738094,44010.0,60362.159999999996,65770.0,0.4944330833901387,0.08958990201808548,299,65770.0,65040.0,72240.0,47.1,30.6,27264,3303,0.891942290705663,8541,12219,9807,0.32083619589753654,7.9,2025,true,2016K2,2026K2
2310,Universitets- og høyskolelektorer/-lærere,2,Akademiske yrker,23,Undervisningsyrker,30272,26644,3628,0.13616574087974787,45950.0,63022.97777777777,64740.0,0.4089227421109902,0.02724438423516795,-1508,64740.0,62970.0,67080.0,44.5,27.4,16146,14126,0.5333641649048626,13147,9877,7248,0.2394291754756871,3.5,2025,true,2016K2,2026K2
3119,Andre ingeniører,3,Høyskoleyrker,31,Ingeniører mv.,29790,24365,5425,0.2226554483890828,48510.0,66534.15999999999,69000.0,0.4223871366728509,0.03706126296627188,377,69000.0,66730.0,69700.0,44.5,36.3,6232,23558,0.20919771735481704,11255,11045,7490,0.25142665323934205,3.6,2025,true,2016K2,2026K2
8160,Operatører innen næringsmiddelproduksjon,8,"Prosess- og maskinoperatører, transportarbeidere mv.",81,Prosess- og maskinoperatører,27762,22753,5009,0.22014679382938507,31790.0,43601.75111111111,44890.0,0.4120792702107581,0.029545806213287618,-1151,44890.0,43440.0,45880.0,40.6,31.3,10509,17253,0.37853901015776964,14074,9130,4558,0.1641812549528132,6.4,2025,true,2016K2,2026K2
2330,Lektorer mv. (videregående skole),2,Akademiske yrker,23,Undervisningsyrker,27530,26816,714,0.02662589498806689,44980.0,61692.56888888888,62180.0,0.38239217429968875,0.007900969596338348,212,62180.0,62400.0,61930.0,47.3,31.7,15676,11854,0.5694151834362514,7755,11238,8537,0.31009807482746093,4.5,2025,true,2016K2,2026K2
8332,Lastebil- og trailersjåfører,8,"Prosess- og maskinoperatører, transportarbeidere mv.",83,Transportarbeidere og operatører av mobile maskiner mv.,27089,25168,1921,0.07632708200890015,34040.0,46687.75111111111,48020.0,0.41069330199764975,0.02853529795680898,-395,48020.0,45590.0,48140.0,45.3,34.6,1145,25944,0.042268079294178446,9643,9271,8175,0.30178301155450554,6.5,2025,true,2016K2,2026K2
2142,Sivilingeniører (bygg og anlegg),2,Akademiske yrker,21,"Realister, sivilingeniører mv.",26740,19361,7379,0.38112700790248444,54310.0,74489.18222222221,77700.0,0.43067575032222427,0.0431044841947521,71,77700.0,74270.0,78500.0,44.5,36.8,5487,21253,0.20519820493642482,10666,9368,6706,0.25078534031413613,3.3,2025,true,2016K2,2026K2
1219,Andre administrative ledere,1,Ledere,12,Administrative og merkantile ledere,26364,19521,6843,0.3505455663132011,55920.0,76697.38666666666,79200.0,0.41630901287553645,0.032629708026557847,255,79200.0,74140.0,85310.0,51.2,34.1,12769,13595,0.48433469883174024,3569,11749,11046,0.4189804278561675,3.5,2025,true,2016K2,2026K2
5131,Servitører,5,Salgs- og serviceyrker,51,Yrker innen personlig tjenesteyting,24502,19756,4746,0.24023081595464668,25660.0,35194.11555555555,38160.0,0.48713951675759937,0.08427216873123755,-1138,38160.0,37680.0,38970.0,32.3,17.0,14890,9612,0.6077054934291078,19889,3179,1434,0.05852583462574484,4.7,2025,true,2016K2,2026K2
5120,Kokker,5,Salgs- og serviceyrker,51,Yrker innen personlig tjenesteyting,23337,19096,4241,0.2220883954754922,30000.0,41146.666666666664,43000.0,0.43333333333333335,0.04504212572909916,-503,43000.0,43370.0,42700.0,38.9,27.7,9663,13674,0.4140635043064661,13220,6944,3173,0.1359643484595278,6.2,2025,true,2016K2,2026K2
5153,Vaktmestre,5,Salgs- og serviceyrker,51,Yrker innen personlig tjenesteyting,22832,21087,1745,0.08275240669606876,33640.0,46139.12888888888,48680.0,0.44708680142687274,0.055069767728601615,-694,48680.0,47360.0,48730.0,49.1,26.9,2820,20012,0.12351086194814295,6046,6807,9979,0.43706201822004204,5.5,2025,true,2016K2,2026K2
7231,Bilmekanikere,7,Håndverkere,72,Metall- og maskinarbeidere,22766,19033,3733,0.1961330321021384,34990.0,47990.72888888889,49170.0,0.40525864532723643,0.024572894357187902,-1501,49170.0,44140.0,49360.0,36.8,35.1,730,22036,0.03206536062549416,13912,5691,3163,0.13893525432662743,5.3,2025,true,2016K2,2026K2
7233,Anleggsmaskin- og industrimekanikere,7,Håndverkere,72,Metall- og maskinarbeidere,22629,19766,2863,0.14484468278862694,37360.0,51241.31555555555,54510.0,0.45904710920770886,0.06379001805487539,64,54510.0,48490.0,54890.0,38.7,35.3,1190,21439,0.052587387865128815,12422,5883,4324,0.1910822396040479,5.0,2025,true,2016K2,2026K2
2224,Vernepleiere,2,Akademiske yrker,22,Medisinske yrker,22488,15049,7439,0.49431855937271574,40470.0,55506.853333333325,61260.0,0.513713862120089,0.1036475015457552,90,61260.0,60310.0,63860.0,41.1,27.4,16837,5651,0.7487104233368908,11177,7162,4149,0.1844983991462113,9.2,2025,true,2016K2,2026K2
2519,Andre programvare- og applikasjonsutviklere,2,Akademiske yrker,25,IKT-rådgivere,21828,13438,8390,0.624348861437714,51000.0,69949.33333333333,76750.0,0.5049019607843137,0.0972227517059967,-53,76750.0,73000.0,78090.0,40.6,36.7,5067,16761,0.23213304013194064,11452,7255,3121,0.1429814916620854,2.8,2025,true,2016K2,2026K2
9412,Kjøkkenassistenter,9,"Renholdere, hjelpearbeidere mv.",94,Kjøkkenassistenter,20919,20438,481,0.023534592425873413,26590.0,36469.66222222222,38730.0,0.4565626175253854,0.06197857726251366,-704,38730.0,39200.0,37690.0,39.9,18.2,14150,6769,0.6764185668531001,12183,5218,3518,0.16817247478368946,6.0,2025,true,2016K2,2026K2
7126,Rørleggere og VVS-montører,7,Håndverkere,71,Byggearbeidere,20483,17293,3190,0.18446770369513676,38640.0,52996.90666666666,54910.0,0.4210662525879918,0.036098207492865075,-422,54910.0,48330.0,55030.0,39.5,35.9,538,19945,0.02626568373773373,10674,6307,3502,0.1709710491627203,6.4,2025,true,2016K2,2026K2
8342,Anleggsmaskinførere,8,"Prosess- og maskinoperatører, transportarbeidere mv.",83,Transportarbeidere og operatører av mobile maskiner mv.,20112,18941,1171,0.06182355736233558,36700.0,50336.08888888888,52530.0,0.4313351498637603,0.04358525184493223,-446,52530.0,46910.0,52760.0,41.1,34.7,855,19257,0.042511933174224345,9870,5334,4908,0.24403341288782815,4.9,2025,true,2016K2,2026K2
3313,Regnskapsførere,3,Høyskoleyrker,33,"Medarbeidere innen økonomi, administrasjon og salg",19625,18620,1005,0.053974221267454325,42260.0,57961.93777777777,62030.0,0.467818267865594,0.07018506244251022,-148,62030.0,60610.0,65760.0,46.6,32.7,12977,6648,0.661248407643312,6478,6363,6784,0.34568152866242036,4.5,2025,true,2016K2,2026K2
2212,Legespesialister,2,Akademiske yrker,22,Medisinske yrker,18690,13503,5187,0.3841368584758942,75340.0,103332.99555555555,107610.0,0.4283249269976108,0.041390500889379345,-117,107610.0,101950.0,116600.0,44.4,34.5,10691,7999,0.5720171214553237,7090,7582,4018,0.2149812734082397,3.8,2025,true,2016K2,2026K2
3112,Bygningsingeniører,3,Høyskoleyrker,31,Ingeniører mv.,17602,16597,1005,0.060553112008194354,46670.0,64010.497777777775,67580.0,0.4480394257553031,0.05576432532386022,-292,67580.0,65250.0,68290.0,44.7,36.2,3168,14434,0.17997954777866151,6801,6212,4589,0.26070901033973415,3.9,2025,true,2016K2,2026K2
5246,Gatekjøkken- og kafémedarbeidere mv.,5,Salgs- og serviceyrker,52,Salgsyrker,17565,11809,5756,0.48742484545685505,25170.0,34522.05333333333,36850.0,0.4640444974175606,0.06743360958830569,354,36850.0,36720.0,37050.0,30.7,16.9,10457,7108,0.5953316253914034,14748,2024,793,0.045146598348989465,4.9,2025,true,2016K2,2026K2
2413,Finansanalytikere,2,Akademiske yrker,24,"Rådgivere innen økonomi, administrasjon og salg",17358,9763,7595,0.7779371094950323,51200.0,70223.64444444444,75000.0,0.46484375,0.06801634397278034,292,75000.0,70000.0,79960.0,43.5,35.4,7708,9650,0.444060375619311,7496,6198,3664,0.21108422629335177,3.3,2025,true,2016K2,2026K2
8331,Bussjåfører og trikkeførere,8,"Prosess- og maskinoperatører, transportarbeidere mv.",83,Transportarbeidere og operatører av mobile maskiner mv.,17210,14180,3030,0.21368124118476728,33510.0,45960.82666666666,48320.0,0.4419576245896748,0.051330089218006636,-112,48320.0,47610.0,48370.0,52.2,28.0,1415,15795,0.08221963974433469,2721,5693,8796,0.5110981987216734,9.3,2025,true,2016K2,2026K2
3412,Miljøarbeidere innen sosiale fagfelt,3,Høyskoleyrker,34,"Yrker innen kultur, idrett mv.",16864,12289,4575,0.3722841565627797,37580.0,51543.05777777777,53580.0,0.42575838211814787,0.039519235180114354,50,53580.0,53380.0,54210.0,42.3,29.9,12383,4481,0.7342860531309298,7725,5778,3361,0.19930028462998103,8.2,2025,true,2016K2,2026K2
2423,Personal- og karriererådgivere,2,Akademiske yrker,24,"Rådgivere innen økonomi, administrasjon og salg",16395,10592,5803,0.5478663141993958,45840.0,62872.10666666666,66670.0,0.4544066317626527,0.06040664985935473,132,66670.0,65830.0,69890.0,45.5,35.0,12232,4163,0.7460811222933821,5774,6171,4450,0.27142421469960354,4.9,2025,true,2016K2,2026K2
1323,Ledere av bygge- og anleggsvirksomhet,1,Ledere,13,Ledere av enheter for vareproduksjon og tjenesteyting,16130,12001,4129,0.3440546621114906,50000.0,68577.77777777777,74000.0,0.48,0.07906675307841882,-263,74000.0,76930.0,73670.0,48.2,35.0,1135,14995,0.0703657780533168,3887,6875,5368,0.3327960322380657,4.5,2025,true,2016K2,2026K2
8322,"Bil-, drosje- og varebilførere",8,"Prosess- og maskinoperatører, transportarbeidere mv.",83,Transportarbeidere og operatører av mobile maskiner mv.,16063,14695,1368,0.09309288873766586,30290.0,41544.41777777777,41440.0,0.36810828656322214,-0.0025134009179357264,-125,41440.0,40290.0,41570.0,43.0,25.5,1520,14543,0.0946274045944095,7093,4377,4593,0.2859366245408703,7.3,2025,true,2016K2,2026K2
1221,Salgs- og markedssjefer,1,Ledere,12,Administrative og merkantile ledere,16055,15323,732,0.047771324153233596,61250.0,84007.77777777777,87940.0,0.43575510204081636,0.04680783525334964,4,87940.0,81490.0,91350.0,48.0,36.6,4788,11267,0.2982248520710059,3887,7275,4893,0.3047648707567736,2.9,2025,true,2016K2,2026K2
3114,Elektronikkingeniører,3,Høyskoleyrker,31,Ingeniører mv.,15771,12335,3436,0.27855695176327533,50000.0,68577.77777777777,70310.0,0.4061999999999999,0.02525923525599505,52,70310.0,66970.0,70770.0,42.3,36.3,1706,14065,0.10817322934500032,7329,5331,3111,0.19726079513030245,2.8,2025,true,2016K2,2026K2
3511,"Driftsteknikere, IKT",3,Høyskoleyrker,35,IKT-teknikere,15733,13071,2662,0.20365695050110943,44810.0,61459.40444444444,65010.0,0.4507922338763668,0.057771395405646686,-148,65010.0,62340.0,65820.0,40.6,35.6,3057,12676,0.1943049640882222,8223,4849,2661,0.16913493929956144,3.2,2025,true,2016K2,2026K2
0310,Menige,0,Militære yrker og uoppgitt,03,Menige,15545,10808,4737,0.4382864544781644,30620.0,41997.03111111111,51670.0,0.6874591770084912,0.23032506424792798,593,51670.0,48250.0,52950.0,21.8,37.0,4245,11300,0.2730781601801222,15261,179,105,0.006754583467352846,1.8,2020,false,2016K2,2026K2
4311,Regnskapsmedarbeidere,4,Kontoryrker,43,Økonomi- og logistikkmedarbeidere,15461,19386,-3925,-0.2024656968946662,38000.0,52119.1111111111,55560.0,0.4621052631578948,0.06601971552341657,-102,55560.0,55780.0,55000.0,45.1,29.8,11619,3842,0.7515037837138607,5958,4342,5161,0.33380764504236465,4.4,2025,true,2016K2,2026K2
9312,Hjelpearbeidere i anlegg,9,"Renholdere, hjelpearbeidere mv.",93,"Hjelpearbeidere i bergverk, industri, bygg og anlegg og transport",15436,13654,1782,0.13051120550754347,34100.0,46770.04444444444,49440.0,0.4498533724340177,0.05708687231903431,-1734,49440.0,44700.0,49640.0,38.4,31.7,1006,14430,0.06517232443638249,8820,3996,2620,0.16973309147447524,5.8,2025,true,2016K2,2026K2
5322,Hjemmehjelper,5,Salgs- og serviceyrker,53,Pleie- og omsorgsarbeidere,15379,11364,4015,0.353308694121788,31620.0,43368.58666666666,45700.0,0.4452877925363694,0.053758111862226565,261,45700.0,45190.0,47280.0,40.5,13.3,11861,3518,0.7712465049743156,8528,3075,3776,0.2455296183106834,8.1,2025,true,2016K2,2026K2
2635,Rådgivere innen sosiale fagfelt,2,Akademiske yrker,26,"Juridiske, samfunnsvitenskapelige og humanistiske yrker",15327,10672,4655,0.4361881559220391,39040.0,53545.52888888888,57060.0,0.461577868852459,0.06563519277966079,-67,57060.0,56530.0,59250.0,42.2,30.8,12359,2968,0.806354798721211,7045,5438,2844,0.18555490311215503,9.0,2025,true,2016K2,2026K2
3312,Kundebehandlere lån og kreditt,3,Høyskoleyrker,33,"Medarbeidere innen økonomi, administrasjon og salg",14964,14569,395,0.02711236186423238,39490.0,54162.72888888889,61560.0,0.5588756647252469,0.13657493377569851,-29,61560.0,58580.0,65800.0,42.7,35.3,7891,7073,0.5273322641005079,7289,4146,3529,0.23583266506281741,4.6,2025,true,2016K2,2026K2
8113,Operatører innen boring mv.,8,"Prosess- og maskinoperatører, transportarbeidere mv.",81,Prosess- og maskinoperatører,14939,12766,2173,0.1702177659407802,53820.0,73817.12,78930.0,0.4665551839464883,0.06926414902125688,-3892,78930.0,75080.0,79350.0,41.1,32.3,1321,13618,0.0884262668183948,7129,5009,2801,0.1874958163197001,5.1,2025,true,2016K2,2026K2
2411,"Revisorer, regnskapsrådgivere",2,Akademiske yrker,24,"Rådgivere innen økonomi, administrasjon og salg",14853,13999,854,0.06100435745410393,48250.0,66177.55555555555,72500.0,0.5025906735751295,0.09553759414907392,-61,72500.0,69190.0,76080.0,44.3,35.6,8252,6601,0.5555779977109001,6131,4854,3868,0.2604187706187302,3.5,2025,true,2016K2,2026K2
3117,"Ingeniører innen petroleum, bergverk og metallurgi",3,Høyskoleyrker,31,Ingeniører mv.,14705,13057,1648,0.12621582293022904,57440.0,78782.1511111111,83360.0,0.4512534818941505,0.05810769094680457,3098,83360.0,75800.0,84910.0,44.3,36.0,2401,12304,0.16327779666780007,5360,6045,3300,0.22441346480788849,2.8,2025,true,2016K2,2026K2
2421,Organisasjonsrådgivere mv.,2,Akademiske yrker,24,"Rådgivere innen økonomi, administrasjon og salg",14307,7900,6407,0.8110126582278481,49870.0,68399.47555555555,70260.0,0.40886304391417694,0.027200858330167943,-92,70260.0,65400.0,75160.0,43.1,32.4,6823,7484,0.47689941986440204,6401,4540,3366,0.23526944852170267,3.8,2025,true,2016K2,2026K2
5312,Skoleassistenter,5,Salgs- og serviceyrker,53,Pleie- og omsorgsarbeidere,13629,11848,1781,0.15032072923700213,29870.0,40968.36444444444,39380.0,0.31837964512889183,-0.03877051149060051,52,39380.0,40390.0,38370.0,39.5,18.5,9150,4479,0.6713625357693155,7422,3230,2977,0.2184312862278964,8.0,2025,true,2016K2,2026K2
3123,"Arbeidsleder, bygg og anlegg",3,Høyskoleyrker,31,Ingeniører mv.,13205,10019,3186,0.3179958079648668,46810.0,64202.51555555555,67520.0,0.4424268318735314,0.05167218785335259,-1,67520.0,65230.0,67640.0,45.6,36.2,503,12702,0.03809163195759182,4579,5084,3542,0.2682317304051496,4.3,2025,true,2016K2,2026K2
1321,Ledere av industriproduksjon mv.,1,Ledere,13,Ledere av enheter for vareproduksjon og tjenesteyting,12907,12780,127,0.009937402190923317,58330.0,80002.83555555555,82500.0,0.41436653523058453,0.03121344921218916,146,82500.0,82580.0,82490.0,49.8,36.2,1841,11066,0.14263577903463237,2501,5472,4934,0.38227318509336017,2.8,2025,true,2016K2,2026K2
1342,Ledere av helsetjenester,1,Ledere,13,Ledere av enheter for vareproduksjon og tjenesteyting,12538,9169,3369,0.3674337441378559,49920.0,68468.05333333333,71440.0,0.4310897435897436,0.04340632633730501,11,71440.0,70000.0,79420.0,49.1,36.5,9506,3032,0.7581751475514437,2334,6120,4084,0.3257297814643484,4.7,2025,true,2016K2,2026K2
3355,Politibetjenter mv.,3,Høyskoleyrker,33,"Medarbeidere innen økonomi, administrasjon og salg",12112,10179,1933,0.18990077610767275,48170.0,66067.83111111111,69530.0,0.4434295204484118,0.05240324724851808,-70,69530.0,66190.0,72070.0,39.5,36.6,4680,7432,0.38639365918097757,6991,4021,1100,0.09081902245706737,4.3,2025,true,2016K2,2026K2
4322,Logistikkmedarbeidere,4,Kontoryrker,43,Økonomi- og logistikkmedarbeidere,11646,6575,5071,0.7712547528517111,39180.0,53737.54666666666,55840.0,0.4252169474221541,0.039124475599431996,906,55840.0,54170.0,56490.0,42.7,34.6,3165,8481,0.2717671303451829,5154,3938,2554,0.219302764897819,4.9,2025,true,2016K2,2026K2
2611,Jurister og advokater,2,Akademiske yrker,26,"Juridiske, samfunnsvitenskapelige og humanistiske yrker",11560,7450,4110,0.5516778523489934,55390.0,75970.46222222221,81670.0,0.4744538725401697,0.07502307622014981,194,81670.0,78330.0,86760.0,41.0,36.6,6545,5015,0.5661764705882353,6097,3516,1947,0.16842560553633218,3.4,2025,true,2016K2,2026K2
2146,"Sivilingeniører (geofag, petro-leumsteknologi, metallurgi mv.)",2,Akademiske yrker,21,"Realister, sivilingeniører mv.",11555,12440,-885,-0.0711414790996785,70090.0,96132.32888888888,94500.0,0.348266514481381,-0.01698002022582379,-3702,94500.0,89580.0,96340.0,47.9,36.8,3111,8444,0.26923409779316315,2889,5054,3612,0.31259195153613156,2.6,2025,true,2016K2,2026K2
1345,Ledere av utdanning og undervisning,1,Ledere,13,Ledere av enheter for vareproduksjon og tjenesteyting,11314,11581,-267,-0.02305500388567483,53150.0,72898.17777777778,75910.0,0.42822201317027275,0.04131546650457363,-89,75910.0,74420.0,77650.0,51.6,35.3,6734,4580,0.5951917977726711,1190,5565,4559,0.40295209474986743,4.0,2025,true,2016K2,2026K2
7114,Betongarbeidere,7,Håndverkere,71,Byggearbeidere,11074,9753,1321,0.13544550394750332,37720.0,51735.07555555555,55690.0,0.4764050901378578,0.07644570732669487,-449,55690.0,50910.0,55740.0,41.1,35.8,144,10930,0.013003431461080007,5172,3933,1969,0.17780386490879538,6.7,2025,true,2016K2,2026K2
3343,Sjefssekretærer,3,Høyskoleyrker,33,"Medarbeidere innen økonomi, administrasjon og salg",10788,8774,2014,0.22954182812856172,38750.0,53147.777777777774,56340.0,0.4539354838709677,0.06006313632847626,-268,56340.0,54620.0,62570.0,46.6,30.5,7601,3187,0.7045791620318873,3553,3701,3534,0.3275862068965517,4.9,2025,true,2016K2,2026K2
5414,Vektere,5,Salgs- og serviceyrker,54,Sikkerhetsarbeidere,10347,10073,274,0.027201429564181367,32240.0,44218.951111111106,46780.0,0.4509925558312655,0.05791744997418924,-61,46780.0,45100.0,47250.0,36.5,21.6,2529,7818,0.24441867207886345,7094,1906,1347,0.13018266164105538,6.4,2025,true,2016K2,2026K2
8131,Operatører innen kjemisk industri,8,"Prosess- og maskinoperatører, transportarbeidere mv.",81,Prosess- og maskinoperatører,9955,9098,857,0.0941965267091669,36220.0,49677.742222222216,59560.0,0.6443953616786307,0.19892727277281885,22,59560.0,56460.0,60140.0,38.9,34.4,1881,8074,0.18895027624309393,5557,2407,1991,0.2,5.2,2025,true,2016K2,2026K2
2412,Finans- og investeringsrådgivere,2,Akademiske yrker,24,"Rådgivere innen økonomi, administrasjon og salg",9954,7401,2553,0.34495338467774617,49500.0,67892.0,73830.0,0.49151515151515146,0.08746244034643258,161,73830.0,69510.0,77500.0,42.9,36.0,4518,5436,0.4538878842676311,4599,3242,2113,0.21227647177014267,3.4,2025,true,2016K2,2026K2
3321,Forsikringsagenter,3,Høyskoleyrker,33,"Medarbeidere innen økonomi, administrasjon og salg",9922,8691,1231,0.1416407778161317,43710.0,59950.69333333333,64580.0,0.4774651109585908,0.07721856761400825,206,64580.0,61210.0,68300.0,42.1,35.2,4495,5427,0.4530336625680306,4815,3075,2032,0.2047974198750252,4.6,2025,true,2016K2,2026K2
2634,Psykologer,2,Akademiske yrker,26,"Juridiske, samfunnsvitenskapelige og humanistiske yrker",9630,6595,3035,0.46019711902956795,47080.0,64572.835555555546,66540.0,0.413338997451147,0.030464272282916705,-2,66540.0,65540.0,73260.0,41.9,35.3,7768,1862,0.8066458982346832,4650,3428,1552,0.16116303219106956,6.3,2025,true,2016K2,2026K2
2431,Reklame- og markedsføringsrådgivere,2,Akademiske yrker,24,"Rådgivere innen økonomi, administrasjon og salg",9539,6174,3365,0.5450275348234532,42810.0,58716.29333333333,60890.0,0.4223312310207896,0.03702050220245523,161,60890.0,59500.0,64970.0,38.7,31.9,6092,3447,0.6386413670196037,5865,2568,1106,0.11594506761715065,4.2,2025,true,2016K2,2026K2
4224,Hotellresepsjonister,4,Kontoryrker,42,Kundeserviceyrker,9492,6891,2601,0.3774488463212886,27690.0,37978.37333333333,40590.0,0.465872156013001,0.06876615393041252,-447,40590.0,40260.0,41400.0,35.4,21.3,6205,3287,0.653708386009271,6677,1871,944,0.09945217024863043,5.4,2025,true,2016K2,2026K2
3256,Helsesekretærer,3,Høyskoleyrker,32,Helserelaterte yrker,9244,8567,677,0.07902416248395006,32480.0,44548.12444444444,45750.0,0.40855911330049266,0.026979262775796764,-69,45750.0,45750.0,45880.0,45.6,30.0,9063,181,0.980419731717871,3052,3479,2713,0.2934876676763306,9.6,2025,true,2016K2,2026K2
1324,Ledere av logistikk og transport mv.,1,Ledere,13,Ledere av enheter for vareproduksjon og tjenesteyting,8919,8416,503,0.05976711026615966,53370.0,73199.92,79220.0,0.48435450627693455,0.08224161993619661,-12,79220.0,81740.0,78830.0,49.7,35.6,1701,7218,0.19071644803229063,1800,3648,3471,0.3891691893710057,3.5,2025,true,2016K2,2026K2
8121,Operatører innen metallurgiske prosessfag,8,"Prosess- og maskinoperatører, transportarbeidere mv.",81,Prosess- og maskinoperatører,8862,7961,901,0.11317673659088046,34130.0,46811.191111111104,49360.0,0.44623498388514493,0.054448708276596536,-69,49360.0,47370.0,49610.0,40.8,35.0,1342,7520,0.15143308508237419,4257,2714,1891,0.21338298352516363,5.5,2025,true,2016K2,2026K2
5141,Frisører,5,Salgs- og serviceyrker,51,Yrker innen personlig tjenesteyting,8820,10036,-1216,-0.12116381028298129,27630.0,37896.079999999994,40870.0,0.4791892870068766,0.07847566291816999,-137,40870.0,41400.0,39600.0,38.0,30.7,7664,1156,0.8689342403628117,5098,2481,1241,0.14070294784580498,7.7,2025,true,2016K2,2026K2
3115,Maskiningeniører,3,Høyskoleyrker,31,Ingeniører mv.,8804,6860,1944,0.2833819241982507,47040.0,64517.97333333333,65520.0,0.3928571428571428,0.01553096935468945,52,65520.0,65790.0,65520.0,43.6,36.3,724,8080,0.08223534756928669,3690,2958,2156,0.2448886869604725,3.7,2025,true,2016K2,2026K2
1211,Finans- og økonomisjefer,1,Ledere,12,Administrative og merkantile ledere,8766,8715,51,0.005851979345955272,64580.0,88575.05777777777,100000.0,0.5484670176525239,0.12898599796441323,27,100000.0,91120.0,109590.0,49.5,35.5,3879,4887,0.44250513347022585,1641,3915,3210,0.3661875427789186,2.5,2025,true,2016K2,2026K2
7212,Sveisere,7,Håndverkere,72,Metall- og maskinarbeidere,8742,6561,2181,0.3324188385916782,35720.0,48991.96444444444,51970.0,0.4549272116461367,0.06078620421380676,145,51970.0,51450.0,51980.0,42.9,35.6,271,8471,0.030999771219400594,3325,3703,1714,0.19606497369023107,5.6,2025,true,2016K2,2026K2
2211,Allmennpraktiserende leger,2,Akademiske yrker,22,Medisinske yrker,8646,7026,1620,0.2305721605465414,59250.0,81264.66666666666,85270.0,0.43915611814346,0.04928751322838143,-112,85270.0,82080.0,91690.0,40.2,25.7,5013,3633,0.5798056904927134,4721,2600,1325,0.1532500578302105,3.4,2025,true,2016K2,2026K2
2512,Programvareutviklere,2,Akademiske yrker,25,IKT-rådgivere,8484,3811,4673,1.2261873524009448,51670.0,70868.27555555555,78300.0,0.5153861041223147,0.10486673178068973,367,78300.0,70830.0,79180.0,39.2,35.9,1244,7240,0.14662894860914663,4992,2678,814,0.09594530881659595,2.0,2025,true,2016K2,2026K2
9329,Andre hjelpearbeidere i industri,9,"Renholdere, hjelpearbeidere mv.",93,"Hjelpearbeidere i bergverk, industri, bygg og anlegg og transport",8269,6554,1715,0.26167226121452547,31540.0,43258.86222222222,48160.0,0.5269499048826887,0.11329788917240746,-182,48160.0,43270.0,48790.0,38.9,26.7,1365,6904,0.16507437416858145,4724,2110,1435,0.17353972669004716,4.6,2025,true,2016K2,2026K2
4226,Resepsjonister (ekskl. hotell),4,Kontoryrker,42,Kundeserviceyrker,8212,8265,-53,-0.006412583182093146,31780.0,43588.03555555555,48010.0,0.5106985525487728,0.10144904187775095,-76,48010.0,44840.0,51430.0,40.0,24.0,4248,3964,0.5172917681441792,4942,1918,1352,0.16463711641500245,5.9,2025,true,2016K2,2026K2
3152,Dekksoffiserer og loser,3,Høyskoleyrker,31,Ingeniører mv.,8157,6865,1292,0.18820101966496727,57090.0,78302.10666666666,81250.0,0.4231914520931861,0.03764768866159085,-48,81250.0,69170.0,81740.0,43.3,36.3,309,7848,0.03788157410812799,3549,2553,2055,0.25193085693269585,5.0,2025,true,2016K2,2026K2
3422,Trenere og idrettsdommere,3,Høyskoleyrker,34,"Yrker innen kultur, idrett mv.",8072,4019,4053,1.0084598158745957,35840.0,49156.551111111105,47920.0,0.3370535714285714,-0.025155367558559294,-19,47920.0,43750.0,50000.0,35.2,11.9,3485,4587,0.43173934588701685,6446,1049,577,0.0714816650148662,3.0,2025,true,2016K2,2026K2
6221,Havbruksarbeidere,6,"Bønder, fiskere mv.",62,"Skogbrukere, fiskere mv.",8042,4846,3196,0.6595130004127114,38330.0,52571.72444444444,59900.0,0.5627445864857814,0.13939576137168141,-101,59900.0,54670.0,61310.0,35.5,32.8,1736,6306,0.21586669982591394,5453,1570,1019,0.12670977368813727,4.6,2025,true,2016K2,2026K2
7131,Malere og byggtapetserere,7,Håndverkere,71,Byggearbeidere,7993,6907,1086,0.15723179383234398,32480.0,44548.12444444444,47140.0,0.45135467980295574,0.05818147425685383,-697,47140.0,45000.0,47400.0,43.2,35.3,648,7345,0.08107093706993619,3034,3345,1614,0.20192668585011886,8.2,2025,true,2016K2,2026K2
1322,Ledere av olje- og gassutvinning mv.,1,Ledere,13,Ledere av enheter for vareproduksjon og tjenesteyting,7926,6400,1526,0.23843750000000008,86850.0,119119.59999999999,112630.0,0.2968336211859528,-0.05447969939455799,-756,112630.0,110630.0,113330.0,50.9,36.5,1696,6230,0.2139793086045925,980,3887,3059,0.38594499116830683,2.4,2025,true,2016K2,2026K2
3323,Innkjøpere,3,Høyskoleyrker,33,"Medarbeidere innen økonomi, administrasjon og salg",7914,4969,2945,0.5926745824109478,44490.0,61020.50666666666,64770.0,0.45583277140930556,0.061446447074185784,627,64770.0,63030.0,66030.0,44.3,34.5,3406,4508,0.4303765478898155,3311,2733,1870,0.23629011877685116,3.7,2025,true,2016K2,2026K2
2642,Journalister,2,Akademiske yrker,26,"Juridiske, samfunnsvitenskapelige og humanistiske yrker",7642,7384,258,0.03494041170097506,44390.0,60883.35111111111,67240.0,0.5147555755800857,0.10440701395177987,-48,67240.0,65560.0,68850.0,43.0,30.7,3646,3996,0.47710023554043446,3454,2443,1745,0.22834336561109658,4.2,2025,true,2016K2,2026K2
0000,Uoppgitt / yrker som ikke kan identifiseres,0,Militære yrker og uoppgitt,00,Uoppgitt / yrker som ikke kan identifiseres,7634,19565,-11931,-0.609813442371582,31810.0,43629.18222222222,43720.0,0.37441056271612694,0.0020815833153875474,-2471,43720.0,42650.0,44270.0,41.0,19.2,2258,5376,0.2957820277705004,3833,2212,1589,0.20814776002095886,5.4,2024,false,2016K2,2026K2
2149,Andre sivilingeniører (unntatt elektroteknologi),2,Akademiske yrker,21,"Realister, sivilingeniører mv.",7575,6027,1548,0.2568442010950722,58990.0,80908.06222222222,77600.0,0.31547719952534337,-0.04088668213479496,-472,77600.0,72910.0,81080.0,45.8,35.1,3249,4326,0.4289108910891089,2541,3039,1995,0.2633663366336634,3.0,2025,true,2016K2,2026K2
3341,Arbeidsledere for kontorpersonell,3,Høyskoleyrker,33,"Medarbeidere innen økonomi, administrasjon og salg",7391,6458,933,0.14447197274698054,45500.0,62405.777777777774,68560.0,0.5068131868131869,0.09861622499341238,1,68560.0,65260.0,75000.0,49.5,33.0,4077,3314,0.551616831281288,1502,3064,2825,0.38222162089027195,4.5,2025,true,2016K2,2026K2
4323,Transportfunksjonærer,4,Kontoryrker,43,Økonomi- og logistikkmedarbeidere,7199,6382,817,0.12801629583202767,38760.0,53161.493333333325,56910.0,0.4682662538699691,0.07051168866086543,43,56910.0,52770.0,57770.0,41.1,32.8,1665,5534,0.23128212251701624,3509,1906,1784,0.24781219613835254,5.8,2025,true,2016K2,2026K2
5132,Bartendere,5,Salgs- og serviceyrker,51,Yrker innen personlig tjenesteyting,7165,4864,2301,0.4730674342105263,25530.0,35015.81333333333,38410.0,0.5045045045045045,0.09693296666725049,-72,38410.0,37350.0,39740.0,30.8,14.1,3902,3263,0.5445917655268667,6205,719,241,0.03363572923935799,4.8,2025,true,2016K2,2026K2
3212,Bioingeniører,3,Høyskoleyrker,32,Helserelaterte yrker,7135,6864,271,0.03948135198135194,39090.0,53614.10666666666,57330.0,0.46661550268610896,0.06930812736349501,-64,57330.0,57010.0,58860.0,42.0,34.0,5749,1386,0.8057463209530483,3326,2352,1457,0.20420462508759635,5.7,2025,true,2016K2,2026K2
3334,Eiendomsmeglere og - forvaltere,3,Høyskoleyrker,33,"Medarbeidere innen økonomi, administrasjon og salg",7115,4058,3057,0.7533267619517003,51040.0,70004.19555555555,69890.0,0.3693181818181819,-0.001631267306899109,116,69890.0,63320.0,75000.0,41.0,32.5,2815,4300,0.3956430077301476,3833,2040,1242,0.17456078706957132,3.3,2025,true,2016K2,2026K2
7119,Andre bygningsarbeidere,7,Håndverkere,71,Byggearbeidere,7050,4149,2901,0.6992046276211135,32660.0,44795.00444444444,49110.0,0.503674219228414,0.09632760637198046,-589,49110.0,,49130.0,40.0,34.5,49,7001,0.006950354609929078,3518,2778,754,0.10695035460992908,7.2,2025,true,2016K2,2026K2
6113,Gartnere,6,"Bønder, fiskere mv.",61,Jordbrukere,6914,6277,637,0.1014815994902023,30360.0,41640.42666666666,43680.0,0.43873517786561256,0.04898060602645149,-1029,43680.0,39570.0,45270.0,40.8,32.1,2435,4479,0.35218397454440264,3453,2046,1415,0.20465721724038183,5.5,2025,true,2016K2,2026K2
9313,Hjelpearbeidere i bygg,9,"Renholdere, hjelpearbeidere mv.",93,"Hjelpearbeidere i bergverk, industri, bygg og anlegg og transport",6669,6525,144,0.022068965517241468,30450.0,41763.86666666666,45050.0,0.47947454844006576,0.07868364678877127,-712,45050.0,41570.0,45300.0,37.4,30.0,430,6239,0.06447743289848552,3984,1920,765,0.11470985155195682,6.8,2025,true,2016K2,2026K2
6130,Plante- og husdyrprodusenter (kombinasjonsbruk),6,"Bønder, fiskere mv.",61,Jordbrukere,6556,6045,511,0.08453267162944589,25980.0,35633.01333333333,38600.0,0.4857582755966128,0.08326510696447809,-1171,38600.0,37500.0,38970.0,36.2,13.5,1856,4700,0.2830994508846858,4528,893,1135,0.17312385600976204,3.6,2025,true,2016K2,2026K2
3359,Andre yrker innen offentlig forvaltning,3,Høyskoleyrker,33,"Medarbeidere innen økonomi, administrasjon og salg",6408,8009,-1601,-0.19990011237357974,36400.0,49924.62222222222,52870.0,0.4524725274725274,0.05899649605093549,-220,52870.0,51890.0,55780.0,47.5,27.4,4294,2114,0.670099875156055,1949,2147,2312,0.36079900124843944,5.9,2025,true,2016K2,2026K2
8350,Dekks- og maskinmannskap (skip),8,"Prosess- og maskinoperatører, transportarbeidere mv.",83,Transportarbeidere og operatører av mobile maskiner mv.,6398,5143,1255,0.24402099941668287,42230.0,57920.7911111111,59970.0,0.4200805114847266,0.03537950448497562,-145,59970.0,51270.0,60420.0,37.0,36.2,528,5870,0.08252578930915912,3861,1316,1221,0.19084088777743044,7.4,2025,true,2016K2,2026K2
2161,Sivilarkitekter,2,Akademiske yrker,21,"Realister, sivilingeniører mv.",6297,5259,1038,0.1973759269823161,53710.0,73666.24888888888,75020.0,0.39676037981753853,0.018376816133980123,-101,75020.0,73330.0,78260.0,44.3,35.1,3449,2848,0.5477211370493886,2421,2563,1313,0.20851198983643005,4.1,2025,true,2016K2,2026K2
7412,Automatikere,7,Håndverkere,74,"Elektrikere, elektronikere mv.",6271,5699,572,0.1003684856992455,42670.0,58524.27555555555,60830.0,0.42559175064448085,0.03939774431305332,435,60830.0,48830.0,61830.0,36.4,36.1,418,5853,0.06665603571998087,4020,1279,972,0.15499920267899855,3.6,2025,true,2016K2,2026K2
2264,Fysioterapeuter,2,Akademiske yrker,22,Medisinske yrker,6220,5544,676,0.121933621933622,38090.0,52242.551111111105,55360.0,0.45339984247834075,0.05967260064039759,-61,55360.0,55030.0,56700.0,41.3,32.8,4694,1526,0.7546623794212218,3017,2263,940,0.15112540192926044,5.4,2025,true,2016K2,2026K2
1330,Ledere av IKT-enheter,1,Ledere,13,Ledere av enheter for vareproduksjon og tjenesteyting,6151,4192,1959,0.46731870229007644,65000.0,89151.1111111111,97090.0,0.49369230769230765,0.08904980308091148,-10,97090.0,96780.0,97300.0,48.6,35.9,986,5165,0.16029913835148757,1228,3055,1868,0.30369045683628676,2.4,2025,true,2016K2,2026K2
1349,Andre ledere av produksjon og tjenesteyting,1,Ledere,13,Ledere av enheter for vareproduksjon og tjenesteyting,5924,4833,1091,0.22573970618663353,57500.0,78864.44444444444,85750.0,0.491304347826087,0.08730874355434093,5,85750.0,81330.0,89110.0,50.6,36.2,2324,3600,0.3923024983119514,893,2770,2261,0.3816677920324105,3.2,2025,true,2016K2,2026K2
3113,Elkraftingeniører,3,Høyskoleyrker,31,Ingeniører mv.,5828,4741,1087,0.22927652394009712,51020.0,69976.76444444443,72730.0,0.42551940415523326,0.03934499654869583,10,72730.0,67710.0,73440.0,43.2,36.5,777,5051,0.13332189430336308,2634,1744,1450,0.24879890185312287,2.9,2025,true,2016K2,2026K2
7214,Platearbeidere,7,Håndverkere,72,Metall- og maskinarbeidere,5751,5037,714,0.14175104228707558,34670.0,47551.8311111111,50080.0,0.44447649264493805,0.05316659379491617,77,50080.0,44650.0,50170.0,43.0,35.9,114,5637,0.0198226395409494,2207,2287,1257,0.21857068335941576,6.2,2025,true,2016K2,2026K2
3258,Ambulansepersonell,3,Høyskoleyrker,32,Helserelaterte yrker,5584,4552,1032,0.22671353251318105,40840.0,56014.328888888886,65290.0,0.5986777668952008,0.1655946129339605,-126,65290.0,62970.0,67890.0,37.8,28.0,2838,2746,0.5082378223495702,3373,1527,684,0.12249283667621777,6.7,2025,true,2016K2,2026K2
3257,Helse- og miljøkontrollører,3,Høyskoleyrker,32,Helserelaterte yrker,5569,4117,1452,0.3526839931989312,46300.0,63503.022222222215,69130.0,0.4930885529157667,0.08860960598200762,423,69130.0,65000.0,75000.0,47.4,34.3,2886,2683,0.5182258933381217,1531,2329,1709,0.30687735679655237,4.5,2025,true,2016K2,2026K2
9611,Renovasjonsarbeidere,9,"Renholdere, hjelpearbeidere mv.",96,Renovasjons- og gjenvinningsarbeidere mv.,5524,5010,514,0.10259481037924156,32480.0,44548.12444444444,46960.0,0.44581280788177335,0.054140900108227585,-97,46960.0,46170.0,47060.0,43.9,34.3,525,4999,0.09503982621288921,2212,1974,1338,0.24221578566256335,7.6,2025,true,2016K2,2026K2
5222,Butikkavdelingssjefer,5,Salgs- og serviceyrker,52,Salgsyrker,5373,5384,-11,-0.002043090638930156,34090.0,46756.328888888886,47800.0,0.4021707245526547,0.022321493922058844,142,47800.0,46690.0,50230.0,43.0,35.6,3138,2235,0.5840312674483529,2333,1925,1115,0.20751907686581053,6.1,2025,true,2016K2,2026K2
4222,Kundesentermedarbeidere,4,Kontoryrker,42,Kundeserviceyrker,5337,3689,1648,0.44673353212252653,34270.0,47003.20888888888,47640.0,0.3901371461920047,0.013547822077774052,-66,47640.0,47680.0,47580.0,38.1,32.9,2908,2429,0.5448753981637624,3454,1227,656,0.12291549559677721,7.7,2025,true,2016K2,2026K2
3311,Finansmeglere,3,Høyskoleyrker,33,"Medarbeidere innen økonomi, administrasjon og salg",5275,3901,1374,0.35221738015893367,56080.0,76916.83555555555,83200.0,0.4835948644793153,0.08168776574156178,340,83200.0,75000.0,89600.0,41.2,36.7,1921,3354,0.3641706161137441,2771,1595,909,0.17232227488151658,2.3,2025,true,2016K2,2026K2
0210,Befal med sersjant grad,0,Militære yrker og uoppgitt,02,Befal med sersjant grad,5215,1121,4094,3.6520963425512933,,,72320.0,,,58,72320.0,62050.0,74740.0,36.1,36.2,853,4362,0.1635666347075743,3576,1390,249,0.04774688398849473,,,false,2016K2,2026K2
3423,Sports- og aktivitetsinstruktører,3,Høyskoleyrker,34,"Yrker innen kultur, idrett mv.",5192,4511,681,0.15096430946575046,32090.0,44013.217777777776,44880.0,0.3985665316297913,0.01969367989858406,164,44880.0,44780.0,44980.0,35.2,6.6,3209,1983,0.6180662557781201,3855,802,535,0.10304314329738058,4.4,2025,true,2016K2,2026K2
9333,Laste- og lossearbeidere,9,"Renholdere, hjelpearbeidere mv.",93,"Hjelpearbeidere i bergverk, industri, bygg og anlegg og transport",5108,3939,1169,0.29677583142929675,30750.0,42175.33333333333,49150.0,0.5983739837398374,0.16537312489132683,-390,49150.0,44650.0,49520.0,37.4,21.6,708,4400,0.13860610806577917,3356,972,780,0.15270164447924825,6.3,2025,true,2016K2,2026K2
7132,Overflatebehandlere og lakkerere,7,Håndverkere,71,Byggearbeidere,5074,2861,2213,0.7735057672142607,34220.0,46934.631111111106,52030.0,0.5204558737580363,0.10856309655073937,5,52030.0,47570.0,52280.0,42.1,34.9,349,4725,0.06878202601497832,2077,2161,836,0.1647615293653922,6.2,2025,true,2016K2,2026K2
9629,Andre hjelpearbeidere,9,"Renholdere, hjelpearbeidere mv.",96,Renovasjons- og gjenvinningsarbeidere mv.,5065,1846,3219,1.7437703141928496,30210.0,41434.69333333333,41070.0,0.3594836146971201,-0.008801641909098934,-183,41070.0,38910.0,41910.0,39.3,9.1,2941,2124,0.5806515301085884,2290,346,2429,0.4795656465942744,3.9,2025,true,2016K2,2026K2
8212,Montører av elektriske og elektroniske produkter,8,"Prosess- og maskinoperatører, transportarbeidere mv.",82,Montører,5046,3420,1626,0.475438596491228,34730.0,47634.12444444444,49690.0,0.4307515116613878,0.04315972172330618,-13,49690.0,46000.0,51310.0,40.6,35.1,1597,3449,0.31648830757035273,2540,1573,933,0.1848989298454221,5.6,2025,true,2016K2,2026K2
1346,Ledere av forsikring og finansvirksomhet,1,Ledere,13,Ledere av enheter for vareproduksjon og tjenesteyting,5037,5601,-564,-0.1006963042313872,67000.0,91894.22222222222,104170.0,0.554776119402985,0.1335859587351642,117,104170.0,99790.0,108440.0,49.6,35.8,1826,3211,0.3625173714512607,926,2357,1754,0.3482231486996228,2.1,2025,true,2016K2,2026K2
2144,Sivilingeniører (maskin- og marin-teknikk),2,Akademiske yrker,21,"Realister, sivilingeniører mv.",5037,3807,1230,0.32308904649330183,59080.0,81031.50222222222,86810.0,0.46936357481381186,0.07131174443651211,767,86810.0,81250.0,87630.0,45.0,36.8,838,4199,0.16636887035934086,1895,1812,1330,0.2640460591621997,2.1,2025,true,2016K2,2026K2
3512,"Brukerstøtte, IKT",3,Høyskoleyrker,35,IKT-teknikere,4964,4769,195,0.04088907527783592,37030.0,50788.702222222215,58350.0,0.5757493923845531,0.14887755439573724,334,58350.0,57470.0,59060.0,39.2,34.9,1630,3334,0.32836422240128926,2881,1435,648,0.1305398871877518,4.3,2025,true,2016K2,2026K2
1213,Strategi- og planleggingssjefer,1,Ledere,12,Administrative og merkantile ledere,4922,3240,1682,0.5191358024691357,57850.0,79344.48888888888,86280.0,0.49144338807260146,0.08741011768093121,61,86280.0,85180.0,87470.0,51.1,37.1,2755,2167,0.5597318163348233,538,2504,1880,0.3819585534335636,3.1,2025,true,2016K2,2026K2
0110,Offiserer fra fenrik og høyere grad,0,Militære yrker og uoppgitt,01,Offiserer fra fenrik og høyere grad,4915,9936,-5021,-0.5053341384863124,,,83500.0,,,-30,83500.0,72660.0,86260.0,41.9,35.5,758,4157,0.15422177009155646,2207,1815,893,0.18168870803662257,,,false,2016K2,2026K2
3331,Speditører og befraktere,3,Høyskoleyrker,33,"Medarbeidere innen økonomi, administrasjon og salg",4881,4796,85,0.017723102585487815,39670.0,54409.608888888884,56730.0,0.4300478951348625,0.04264671550662391,11,56730.0,54170.0,58350.0,45.0,35.5,1639,3242,0.33579184593321043,1782,1765,1334,0.27330465068633475,4.5,2025,true,2016K2,2026K2
4221,Reisebyråmedarbeidere mv.,4,Kontoryrker,42,Kundeserviceyrker,4841,4062,779,0.19177744953225018,33690.0,46207.706666666665,47720.0,0.4164440486791332,0.03272816251719046,-31,47720.0,47410.0,48710.0,39.5,27.6,3152,1689,0.6511051435653791,2823,1208,810,0.167320801487296,5.2,2025,true,2016K2,2026K2
2166,Grafiske- og multimediadesignere,2,Akademiske yrker,21,"Realister, sivilingeniører mv.",4826,3710,1116,0.3008086253369273,40000.0,54862.22222222222,61250.0,0.53125,0.11643308489954651,-72,61250.0,59450.0,63150.0,39.8,34.3,2606,2220,0.5399917115623705,2693,1611,522,0.10816411106506424,4.2,2025,true,2016K2,2026K2
2151,Sivilingeniører (elkraftteknikk),2,Akademiske yrker,21,"Realister, sivilingeniører mv.",4701,2578,2123,0.8235065942591155,62300.0,85447.9111111111,84670.0,0.3590690208667737,-0.00910392192150311,181,84670.0,82900.0,85020.0,45.3,36.8,934,3767,0.1986811316741119,1730,1699,1272,0.27058072750478623,2.5,2025,true,2016K2,2026K2
7213,Kopper- og blikkenslagere,7,Håndverkere,72,Metall- og maskinarbeidere,4640,4674,-34,-0.007274283269148474,35210.0,48292.4711111111,51350.0,0.45839250213007676,0.06331274458608971,-82,51350.0,42090.0,51640.0,39.4,35.5,233,4407,0.050215517241379314,2408,1348,884,0.19051724137931034,6.0,2025,true,2016K2,2026K2
2152,Sivilingeniører (elektronikk),2,Akademiske yrker,21,"Realister, sivilingeniører mv.",4612,4240,372,0.08773584905660381,59180.0,81168.65777777777,83330.0,0.40807705305846564,0.0266277930594776,-123,83330.0,73710.0,84750.0,45.3,36.7,605,4007,0.13117953165654814,1634,1798,1180,0.25585429314830876,2.3,2025,true,2016K2,2026K2
2432,Informasjonsrådgivere,2,Akademiske yrker,24,"Rådgivere innen økonomi, administrasjon og salg",4570,3591,979,0.27262600946811477,44130.0,60526.74666666666,64510.0,0.4618173578064808,0.06580980397426517,37,64510.0,63190.0,67080.0,43.1,34.3,2921,1649,0.6391684901531729,1956,1816,798,0.17461706783369804,4.6,2025,true,2016K2,2026K2
5411,Brannkonstabler,5,Salgs- og serviceyrker,54,Sikkerhetsarbeidere,4409,3866,543,0.1404552509053285,43270.0,59347.20888888888,67080.0,0.5502657730529235,0.13029746901136696,-27,67080.0,61210.0,67480.0,43.7,16.1,329,4080,0.07462009525969608,1628,1929,852,0.1932410977545929,4.8,2025,true,2016K2,2026K2
3122,"Arbeidsleder, industri",3,Høyskoleyrker,31,Ingeniører mv.,4407,3832,575,0.15005219206680587,42260.0,57961.93777777777,61680.0,0.4595362044486513,0.06414661698297652,83,61680.0,57500.0,62010.0,47.2,36.4,413,3994,0.09371454504197867,1217,1857,1333,0.30247333787156794,4.1,2025,true,2016K2,2026K2
3353,Saksbehandlere innen sosiale ytelser,3,Høyskoleyrker,33,"Medarbeidere innen økonomi, administrasjon og salg",4363,6478,-2115,-0.32648965730163626,35850.0,49170.26666666666,51480.0,0.4359832635983263,0.04697418765270078,-6,51480.0,51590.0,51220.0,41.7,35.6,3263,1100,0.7478798991519596,2157,1354,852,0.19527847811139123,8.1,2025,true,2016K2,2026K2
7413,Energimontører,7,Håndverkere,74,"Elektrikere, elektronikere mv.",4113,4709,-596,-0.12656614992567428,40890.0,56082.90666666666,59150.0,0.4465639520665199,0.0546885587004764,-163,59150.0,52940.0,59510.0,34.9,36.5,209,3904,0.05081449063943593,2739,668,706,0.17165086311694627,3.7,2025,true,2016K2,2026K2
7112,Murere,7,Håndverkere,71,Byggearbeidere,4045,4405,-360,-0.08172531214528944,34500.0,47318.666666666664,50340.0,0.4591304347826086,0.06385077066133182,-408,50340.0,,50510.0,43.2,35.7,83,3962,0.020519159456118666,1560,1545,940,0.2323856613102596,7.4,2025,true,2016K2,2026K2
1341,Ledere av omsorgstjenester for barn,1,Ledere,13,Ledere av enheter for vareproduksjon og tjenesteyting,3999,4352,-353,-0.08111213235294112,47340.0,64929.439999999995,68620.0,0.4495141529362061,0.056839547668977364,1,68620.0,68330.0,70250.0,50.0,34.9,3558,441,0.8897224306076519,555,2129,1315,0.328832208052013,5.7,2025,true,2016K2,2026K2
3151,Skipsmaskinister,3,Høyskoleyrker,31,Ingeniører mv.,3919,3837,82,0.021370862653114386,59170.0,81154.94222222222,83330.0,0.4083150245056617,0.02680129784113383,-23,83330.0,,83440.0,44.3,36.7,82,3837,0.020923705026792548,1597,1224,1098,0.2801735136514417,4.2,2025,true,2016K2,2026K2
7422,Tele- og IKT-installatører,7,Håndverkere,74,"Elektrikere, elektronikere mv.",3897,3366,531,0.15775401069518713,36810.0,50486.95999999999,49140.0,0.3349633251833741,-0.026679364334869726,-35,49140.0,46280.0,49380.0,34.4,35.3,278,3619,0.07133692584039004,2667,753,477,0.12240184757505773,4.6,2025,true,2016K2,2026K2
1412,Restaurantsjefer,1,Ledere,14,"Ledere i hotell, restaurant, varehandel mv.",3865,2331,1534,0.658086658086658,36500.0,50061.777777777774,51350.0,0.4068493150684931,0.02573265032537586,25,51350.0,50000.0,52710.0,40.4,34.0,1494,2371,0.3865459249676585,2023,1350,492,0.12729624838292367,5.7,2025,true,2016K2,2026K2
5413,Fengselsbetjenter,5,Salgs- og serviceyrker,54,Sikkerhetsarbeidere,3705,3640,65,0.017857142857142794,,,72190.0,,,102,72190.0,69740.0,74460.0,39.9,31.9,1681,2024,0.45371120107962215,1980,1008,717,0.19352226720647772,,,true,2016K2,2026K2
9622,Altmuligmann,9,"Renholdere, hjelpearbeidere mv.",96,Renovasjons- og gjenvinningsarbeidere mv.,3703,3536,167,0.04722850678733037,30410.0,41709.00444444444,44000.0,0.44689246958237416,0.05492808054450493,-416,44000.0,43120.0,44250.0,41.5,16.3,1198,2505,0.32352146907912505,1997,788,918,0.2479071023494464,5.1,2025,true,2016K2,2026K2
5244,Telefon- og nettselgere,5,Salgs- og serviceyrker,52,Salgsyrker,3679,5885,-2206,-0.3748513169073917,32980.0,45233.90222222222,47200.0,0.43117040630685266,0.04346513745638969,-148,47200.0,47410.0,47060.0,35.6,27.8,1392,2287,0.3783636857841805,2577,649,453,0.12313128567545528,6.8,2025,true,2016K2,2026K2
5249,Andre salgsmedarbeidere,5,Salgs- og serviceyrker,52,Salgsyrker,3668,2096,1572,0.75,32640.0,44767.57333333333,45500.0,0.39399509803921573,0.01636065151919497,243,45500.0,45660.0,45450.0,36.7,28.4,1578,2090,0.4302071973827699,2479,730,459,0.12513631406761178,5.4,2025,true,2016K2,2026K2
9621,Bud mv.,9,"Renholdere, hjelpearbeidere mv.",96,Renovasjons- og gjenvinningsarbeidere mv.,3602,4938,-1336,-0.27055488051842846,29960.0,41091.80444444444,39620.0,0.32242990654205617,-0.03581746930666674,-161,39620.0,40590.0,39500.0,38.5,13.4,595,3007,0.16518600777345918,2128,984,490,0.13603553581343697,7.2,2025,true,2016K2,2026K2
6121,Melke- og husdyrprodusenter,6,"Bønder, fiskere mv.",61,Jordbrukere,3542,3593,-51,-0.014194266629557473,26400.0,36209.066666666666,38970.0,0.4761363636363636,0.07624977906086139,-678,38970.0,36930.0,39940.0,36.6,17.2,1125,2417,0.3176171654432524,2316,538,688,0.19424054206662902,4.3,2025,true,2016K2,2026K2
9122,Bilvaskere,9,"Renholdere, hjelpearbeidere mv.",91,Renholdere mv.,3512,3044,468,0.15374507227332468,28450.0,39020.75555555555,40500.0,0.42355008787346216,0.03790916970683411,-174,40500.0,38710.0,40630.0,37.2,29.4,433,3079,0.12329157175398633,2155,920,437,0.12443052391799544,6.6,2025,true,2016K2,2026K2
8172,Operatører innen trelastproduksjon,8,"Prosess- og maskinoperatører, transportarbeidere mv.",81,Prosess- og maskinoperatører,3421,3655,-234,-0.06402188782489737,31340.0,42984.551111111105,44370.0,0.4157626037013402,0.03223132155800901,-38,44370.0,43060.0,44490.0,45.0,34.0,372,3049,0.10874013446360713,1274,1086,1061,0.310143232972815,6.3,2025,true,2016K2,2026K2
2354,Andre musikklærere,2,Akademiske yrker,23,Undervisningsyrker,3400,3166,234,0.07391029690461148,40780.0,55932.03555555555,56940.0,0.39627268268759197,0.018021236567427712,63,56940.0,57130.0,56780.0,45.5,17.2,1963,1437,0.5773529411764706,1317,1220,863,0.2538235294117647,4.7,2025,true,2016K2,2026K2
5419,Andre sikkerhetsarbeidere,5,Salgs- og serviceyrker,54,Sikkerhetsarbeidere,3370,3371,-1,-0.00029664787896765965,30740.0,42161.61777777777,44120.0,0.43526350032530914,0.04644940885675508,-3,44120.0,43440.0,44590.0,38.7,15.4,1433,1937,0.4252225519287834,2159,605,606,0.1798219584569733,,,true,2016K2,2026K2
3434,Sjefskokker,3,Høyskoleyrker,34,"Yrker innen kultur, idrett mv.",3316,2893,423,0.1462150017283097,33410.0,45823.67111111111,48110.0,0.43998802753666566,0.04989405766607202,166,48110.0,45700.0,50000.0,45.3,34.3,1542,1774,0.4650180940892642,1022,1540,754,0.22738238841978287,6.1,2025,true,2016K2,2026K2
2261,Tannleger,2,Akademiske yrker,22,Medisinske yrker,3195,2806,389,0.1386315039201711,56250.0,77149.99999999999,76320.0,0.3568,-0.010758263123784695,-1,76320.0,75000.0,77960.0,45.2,31.3,2044,1151,0.6397496087636932,1124,1314,757,0.23693270735524258,5.5,2025,true,2016K2,2026K2
1223,Forsknings- og utviklingsledere,1,Ledere,12,Administrative og merkantile ledere,3161,2457,704,0.28652828652828655,69160.0,94856.78222222222,96370.0,0.39343551185656445,0.01595265770488341,29,96370.0,91480.0,99600.0,49.0,35.8,999,2162,0.31603922809237583,640,1475,1046,0.33090794052515027,2.0,2025,true,2016K2,2026K2
3211,Radiografer mv.,3,Høyskoleyrker,32,Helserelaterte yrker,3153,2665,488,0.1831144465290806,40290.0,55259.97333333333,58990.0,0.4641350210970465,0.06749961032675134,-11,58990.0,58410.0,60560.0,41.0,34.2,2337,816,0.7411988582302569,1536,1044,573,0.18173168411037108,6.1,2025,true,2016K2,2026K2
4412,Postbud og postsorterere,4,Kontoryrker,44,"Postbud, arkiv- og personalkontormedarbeidere",3098,5305,-2207,-0.4160226201696513,,,45060.0,,,-19,45060.0,45060.0,45060.0,45.0,29.3,1245,1853,0.40187217559715943,1286,616,1196,0.38605551969012264,,,true,2016K2,2026K2
2267,Ergoterapeuter,2,Akademiske yrker,22,Medisinske yrker,3081,2419,662,0.27366680446465486,37480.0,51405.90222222222,53170.0,0.4186232657417288,0.03431702784150681,-43,53170.0,53140.0,53330.0,40.1,33.7,2673,408,0.8675754625121713,1634,1006,441,0.14313534566699124,7.3,2025,true,2016K2,2026K2
5142,Kosmetologer mv.,5,Salgs- og serviceyrker,51,Yrker innen personlig tjenesteyting,3053,2267,786,0.34671371857079847,29230.0,40090.56888888888,40590.0,0.38864180636332546,0.012457571068529738,-21,40590.0,40430.0,44950.0,39.3,25.0,2806,247,0.9190959711758926,1709,967,377,0.12348509662626925,6.9,2025,true,2016K2,2026K2
3413,Religiøse yrker,3,Høyskoleyrker,34,"Yrker innen kultur, idrett mv.",3051,2863,188,0.06566538595878457,35880.0,49211.41333333333,51600.0,0.4381270903010033,0.0485372498954173,-49,51600.0,51610.0,51490.0,46.4,23.3,2025,1026,0.6637168141592921,1104,1006,941,0.3084234677155031,6.4,2025,true,2016K2,2026K2
2433,Salgskonsulenter innen tekniske og medisinske produkter,2,Akademiske yrker,24,"Rådgivere innen økonomi, administrasjon og salg",3021,2886,135,0.04677754677754686,52920.0,72582.71999999999,74580.0,0.409297052154195,0.027517293372306906,4,74580.0,69770.0,75000.0,47.5,37.0,384,2637,0.12711022840119166,851,1193,977,0.3234028467394902,3.1,2025,true,2016K2,2026K2
1431,"Sports-, rekreasjons- og kultursenterledere",1,Ledere,14,"Ledere i hotell, restaurant, varehandel mv.",2974,2471,503,0.2035613112100365,44150.0,60554.177777777775,62650.0,0.41902604756511885,0.03461069572959086,-16,62650.0,61750.0,63810.0,47.6,32.3,1513,1461,0.5087424344317417,778,1321,875,0.2942165433759247,4.4,2025,true,2016K2,2026K2
2222,Jordmødre,2,Akademiske yrker,22,Medisinske yrker,2957,2566,391,0.15237724084177717,48390.0,66369.57333333333,72870.0,0.5058896466212028,0.09794287261753287,-30,72870.0,72840.0,,45.4,28.4,2951,6,0.9979709164693946,1029,1078,850,0.28745350016909027,8.3,2025,true,2016K2,2026K2
2352,Spesiallærere / spesialpedagoger,2,Akademiske yrker,23,Undervisningsyrker,2914,2321,593,0.25549332184403273,41030.0,56274.92444444444,56860.0,0.38581525712892994,0.010396736403140983,32,56860.0,56680.0,58930.0,44.9,33.7,2673,241,0.9172958133150309,1026,1236,652,0.2237474262182567,8.8,2025,true,2016K2,2026K2
2359,Andre lærere,2,Akademiske yrker,23,Undervisningsyrker,2868,2629,239,0.09090909090909083,41990.0,57591.61777777777,57390.0,0.36675398904501066,-0.0035008180974482883,8,57390.0,55100.0,59350.0,45.1,23.2,1399,1469,0.48779637377963736,1145,910,813,0.2834728033472803,5.1,2025,true,2016K2,2026K2
2114,Geologer og geofysikere,2,Akademiske yrker,21,"Realister, sivilingeniører mv.",2853,2699,154,0.05705816969247879,68000.0,93265.77777777777,93940.0,0.38147058823529423,0.007229041973237926,-59,93940.0,88970.0,97190.0,43.1,36.6,1050,1803,0.36803364879074657,1211,1129,513,0.17981072555205047,2.4,2025,true,2016K2,2026K2
8171,Operatører innen treforedling,8,"Prosess- og maskinoperatører, transportarbeidere mv.",81,Prosess- og maskinoperatører,2823,2933,-110,-0.037504261847937315,32840.0,45041.88444444444,46600.0,0.4190012180267966,0.034592592534119504,-66,46600.0,43520.0,46920.0,43.2,33.0,407,2416,0.14417286574566066,1173,906,744,0.2635494155154091,5.7,2025,true,2016K2,2026K2
7222,"Verktøymaker, låsesmeder mv.",7,Håndverkere,72,Metall- og maskinarbeidere,2792,1925,867,0.45038961038961034,36710.0,50349.80444444444,53480.0,0.4568237537455735,0.06216897146064171,10,53480.0,46360.0,54000.0,37.2,36.1,157,2635,0.05623209169054441,1648,780,364,0.1303724928366762,3.8,2025,true,2016K2,2026K2
8157,Renseri- og vaskerimaskinoperatører,8,"Prosess- og maskinoperatører, transportarbeidere mv.",81,Prosess- og maskinoperatører,2787,2356,431,0.182937181663837,29190.0,40035.706666666665,41640.0,0.42651593011305233,0.04007156278495394,-56,41640.0,41980.0,41410.0,42.6,27.9,1681,1106,0.6031575170434159,1253,917,617,0.22138500179404377,6.5,2025,true,2016K2,2026K2
5111,"Flyverter, båtverter mv.",5,Salgs- og serviceyrker,51,Yrker innen personlig tjenesteyting,2762,2774,-12,-0.004325883201153569,33670.0,46180.27555555555,42000.0,0.24740124740124747,-0.09052080147349095,10,42000.0,41760.0,43520.0,40.4,32.9,2093,669,0.7577842143374366,1376,866,520,0.1882693700217234,10.0,2025,true,2016K2,2026K2
3116,Kjemiingeniører,3,Høyskoleyrker,31,Ingeniører mv.,2681,2321,360,0.1551055579491598,46680.0,64024.213333333326,64830.0,0.3888174807197944,0.012585655093823034,-37,64830.0,61670.0,68020.0,42.5,35.6,1243,1438,0.46363297277135396,1242,824,615,0.22939201790376726,3.7,2025,true,2016K2,2026K2
3352,Skattefunksjonærer,3,Høyskoleyrker,33,"Medarbeidere innen økonomi, administrasjon og salg",2642,2661,-19,-0.007140172867343142,36430.0,49965.76888888888,52400.0,0.43837496568762013,0.04871797563096103,146,52400.0,51940.0,53480.0,50.1,35.0,1792,850,0.6782740348221045,650,762,1230,0.46555639666919,5.6,2018,true,2016K2,2026K2
8211,Montører av mekaniske produkter,8,"Prosess- og maskinoperatører, transportarbeidere mv.",82,Montører,2509,1547,962,0.6218487394957983,34740.0,47647.84,50420.0,0.4513529073114566,0.05818018193479513,-202,50420.0,,50560.0,41.6,35.7,98,2411,0.039059386209645275,1149,904,456,0.1817457154244719,5.8,2025,true,2016K2,2026K2
2622,Bibliotekarer og andre informasjonsarbeidere,2,Akademiske yrker,26,"Juridiske, samfunnsvitenskapelige og humanistiske yrker",2455,2677,-222,-0.0829286514755323,38080.0,52228.83555555555,53960.0,0.41701680672268915,0.03314575992419,-24,53960.0,54030.0,53630.0,47.3,31.9,1884,571,0.7674134419551935,681,1039,735,0.29938900203665986,4.8,2025,true,2016K2,2026K2
7124,Isolatører mv.,7,Håndverkere,71,Byggearbeidere,2415,1293,1122,0.8677494199535962,35350.0,48484.48888888888,52190.0,0.4763790664780765,0.07642673349827356,-295,52190.0,,52200.0,43.3,34.9,57,2358,0.02360248447204969,924,1042,449,0.18592132505175984,8.1,2025,true,2016K2,2026K2
7223,Metalldreiere mv.,7,Håndverkere,72,Metall- og maskinarbeidere,2405,3326,-921,-0.2769092002405291,34850.0,47798.71111111111,51150.0,0.4677187948350072,0.07011253673971685,-101,51150.0,47510.0,51590.0,41.0,34.4,227,2178,0.09438669438669439,1156,643,606,0.251975051975052,4.9,2025,true,2016K2,2026K2
1114,Toppledere i interesseorganisasjoner,1,Ledere,11,Politikere og toppledere,2388,2198,190,0.086442220200182,53330.0,73145.05777777777,76450.0,0.4335270954434651,0.045183397520349056,-81,76450.0,74580.0,78360.0,49.7,32.5,1170,1218,0.4899497487437186,485,977,926,0.3877721943048576,3.5,2025,true,2016K2,2026K2
8142,Operatører innen plastprodukter,8,"Prosess- og maskinoperatører, transportarbeidere mv.",81,Prosess- og maskinoperatører,2373,2503,-130,-0.05193767479025169,32700.0,44849.86666666666,47080.0,0.43975535168195723,0.04972441389643678,-1,47080.0,44420.0,47580.0,42.3,34.6,385,1988,0.16224188790560473,1063,756,554,0.2334597555836494,6.5,2025,true,2016K2,2026K2
3333,Arbeidsformidlere,3,Høyskoleyrker,33,"Medarbeidere innen økonomi, administrasjon og salg",2371,6515,-4144,-0.6360706062931696,33290.0,45659.08444444444,51770.0,0.5551216581556022,0.133837890748576,-69,51770.0,50590.0,54640.0,42.0,34.1,1516,855,0.6393926613243357,1161,742,468,0.19738506959088992,6.8,2025,true,2016K2,2026K2
1212,Personalsjefer,1,Ledere,12,Administrative og merkantile ledere,2352,2173,179,0.08237459733087893,64170.0,88012.71999999999,100510.0,0.5663082437275986,0.14199402086425716,113,100510.0,97080.0,105620.0,50.1,36.6,1506,846,0.6403061224489796,354,1152,846,0.3596938775510204,3.6,2025,true,2016K2,2026K2
2643,"Oversettere, tolker mv.",2,Akademiske yrker,26,"Juridiske, samfunnsvitenskapelige og humanistiske yrker",2348,1576,772,0.4898477157360406,32000.0,43889.777777777774,55610.0,0.7378125,0.2670376296176282,-42,55610.0,55850.0,55000.0,46.6,8.3,1608,740,0.6848381601362862,685,810,853,0.36328790459965926,5.8,2025,true,2016K2,2026K2
5113,Reiseledere og guider,5,Salgs- og serviceyrker,51,Yrker innen personlig tjenesteyting,2334,1263,1071,0.847980997624703,29100.0,39912.26666666666,42540.0,0.4618556701030927,0.06583773743744614,162,42540.0,42220.0,43020.0,37.1,17.2,1243,1091,0.5325621251071122,1511,387,436,0.1868037703513282,3.1,2025,true,2016K2,2026K2
2652,"Dirigenter, komponister, musikere og sangere",2,Akademiske yrker,26,"Juridiske, samfunnsvitenskapelige og humanistiske yrker",2326,2163,163,0.07535829865926957,43950.0,60279.86666666666,63050.0,0.434584755403868,0.0459545365063847,38,63050.0,62660.0,63380.0,47.2,25.8,960,1366,0.412725709372313,712,876,738,0.3172828890799656,4.5,2025,true,2016K2,2026K2
7122,Gulv- og flisleggere,7,Håndverkere,71,Byggearbeidere,2306,1867,439,0.2351365827530798,32720.0,44877.29777777777,50120.0,0.5317848410757946,0.11682303707729691,-105,50120.0,,50120.0,43.4,35.2,37,2269,0.016045099739809193,847,1069,390,0.1691240242844753,8.5,2025,true,2016K2,2026K2
5151,Renholdsledere i bedrifter,5,Salgs- og serviceyrker,51,Yrker innen personlig tjenesteyting,2292,2241,51,0.022757697456492698,34000.0,46632.88888888888,48320.0,0.42117647058823526,0.036178567343982504,-10,48320.0,47830.0,50000.0,47.6,32.0,1714,578,0.7478184991273996,607,979,706,0.3080279232111693,6.4,2025,true,2016K2,2026K2
3153,Flygere,3,Høyskoleyrker,31,Ingeniører mv.,2290,2097,193,0.09203624225083451,83630.0,114703.1911111111,116260.0,0.3901709912710749,0.013572498496409402,-14,116260.0,82590.0,118340.0,45.4,35.0,127,2163,0.055458515283842796,743,905,642,0.28034934497816594,6.0,2025,true,2016K2,2026K2
2636,Geistlige yrker,2,Akademiske yrker,26,"Juridiske, samfunnsvitenskapelige og humanistiske yrker",2264,2453,-189,-0.07704851202609053,46700.0,64051.644444444435,65060.0,0.3931477516059958,0.015742851948636005,-15,65060.0,65380.0,64860.0,50.2,30.5,870,1394,0.3842756183745583,462,914,888,0.392226148409894,5.4,2025,true,2016K2,2026K2
3315,Takstmenn,3,Høyskoleyrker,33,"Medarbeidere innen økonomi, administrasjon og salg",2234,1894,340,0.1795142555438225,40090.0,54985.662222222214,59330.0,0.47992017959590916,0.07900855608904611,-49,59330.0,53780.0,62000.0,45.3,33.7,557,1677,0.2493285586392122,868,742,624,0.279319606087735,5.0,2025,true,2016K2,2026K2
8114,Operatører innen produksjon av betong mv.,8,"Prosess- og maskinoperatører, transportarbeidere mv.",81,Prosess- og maskinoperatører,2218,1978,240,0.1213346814964611,35450.0,48621.64444444444,49730.0,0.40282087447108594,0.022795517679826238,-22,49730.0,,49730.0,42.2,35.6,92,2126,0.04147880973850315,999,738,481,0.2168620378719567,6.4,2025,true,2016K2,2026K2
3213,Reseptarer,3,Høyskoleyrker,32,Helserelaterte yrker,2217,1588,629,0.3960957178841309,39920.0,54752.497777777775,53870.0,0.3494488977955912,-0.01611794554760848,12,53870.0,54840.0,51890.0,41.1,30.9,1620,597,0.7307171853856563,1159,742,316,0.14253495714930087,7.7,2025,true,2016K2,2026K2
8311,Lokomotiv og T-baneførere,8,"Prosess- og maskinoperatører, transportarbeidere mv.",83,Transportarbeidere og operatører av mobile maskiner mv.,2154,1758,396,0.22525597269624575,54720.0,75051.51999999999,73880.0,0.3501461988304093,-0.015609543950608762,44,73880.0,69430.0,74200.0,43.2,32.6,255,1899,0.11838440111420613,917,828,409,0.18987929433611886,4.9,2025,true,2016K2,2026K2
7511,"Slaktere, fiskehandlere mv.",7,Håndverkere,75,Andre håndverkspregede yrker,2145,2617,-472,-0.18035918991211308,30720.0,42134.18666666666,47650.0,0.5511067708333333,0.13091063978451078,-258,47650.0,42580.0,49000.0,42.0,31.6,413,1732,0.19254079254079254,955,792,398,0.18554778554778556,7.0,2025,true,2016K2,2026K2
4313,Lønningsmedarbeidere,4,Kontoryrker,43,Økonomi- og logistikkmedarbeidere,2132,2117,15,0.007085498346717012,39630.0,54354.74666666666,57460.0,0.4499116830683825,0.05712938655342237,10,57460.0,57530.0,56670.0,47.9,35.2,1892,240,0.8874296435272045,603,715,814,0.3818011257035647,6.4,2025,true,2016K2,2026K2
3421,Idrettsutøvere,3,Høyskoleyrker,34,"Yrker innen kultur, idrett mv.",2119,1372,747,0.5444606413994169,33000.0,45261.33333333333,42620.0,0.2915151515151515,-0.05835739115065097,-111,42620.0,36710.0,47850.0,24.9,20.3,555,1564,0.26191599811231714,2097,22,0,0.0,11.3,2025,true,2016K2,2026K2
3118,Tekniske tegnere,3,Høyskoleyrker,31,Ingeniører mv.,2111,2645,-534,-0.20189035916824194,43460.0,59607.80444444444,62690.0,0.4424758398527382,0.05170791952970233,-32,62690.0,60960.0,63670.0,45.7,35.1,686,1425,0.324964471814306,755,724,632,0.29938417811463763,3.8,2025,true,2016K2,2026K2
7542,Skytebaser og sprengningsarbeidere,7,Håndverkere,75,Andre håndverkspregede yrker,2095,1500,595,0.3966666666666667,52210.0,71608.91555555555,70910.0,0.3581689331545681,-0.009760175114135294,-102,70910.0,,71500.0,36.3,34.5,79,2016,0.037708830548926014,1294,547,254,0.12124105011933174,5.0,2025,true,2016K2,2026K2
1343,Ledere av eldreomsorg,1,Ledere,13,Ledere av enheter for vareproduksjon og tjenesteyting,2077,2655,-578,-0.21770244821092277,51970.0,71279.74222222221,74570.0,0.43486626900134695,0.046159787833127464,-23,74570.0,73330.0,77750.0,50.7,36.2,1582,495,0.7616754935002408,296,986,795,0.3827636013480982,4.5,2025,true,2016K2,2026K2
8343,Kran- og heisførere mv.,8,"Prosess- og maskinoperatører, transportarbeidere mv.",83,Transportarbeidere og operatører av mobile maskiner mv.,2077,1782,295,0.16554433221099885,37180.0,50994.43555555555,56300.0,0.5142549757934374,0.10404202706909738,930,56300.0,48800.0,56580.0,45.5,31.7,117,1960,0.05633124699085219,761,695,621,0.2989889263360616,5.9,2025,true,2016K2,2026K2
7522,Møbelsnekkere,7,Håndverkere,75,Andre håndverkspregede yrker,2067,1971,96,0.0487062404870624,31730.0,43519.457777777774,46090.0,0.4525685471162937,0.0590665038923075,34,46090.0,42220.0,46290.0,43.1,32.8,187,1880,0.09046927914852443,835,796,436,0.21093372036768263,5.8,2025,true,2016K2,2026K2
3439,Andre yrker innen estetiske fag,3,Høyskoleyrker,34,"Yrker innen kultur, idrett mv.",2022,1527,495,0.32416502946954817,37500.0,51433.33333333333,53780.0,0.43413333333333326,0.0456254050550875,-69,53780.0,53480.0,53970.0,40.6,25.9,844,1178,0.41740850642927796,1122,620,280,0.13847675568743817,4.0,2025,true,2016K2,2026K2
5165,Kjøreskolelærere,5,Salgs- og serviceyrker,51,Yrker innen personlig tjenesteyting,2018,1686,332,0.1969157769869514,39020.0,53518.09777777777,58390.0,0.4964120963608405,0.09103279870767711,-10,58390.0,56110.0,59670.0,43.2,34.1,504,1514,0.24975222993062438,918,623,477,0.23637264618434092,5.2,2025,true,2016K2,2026K2
2351,Spesialister i pedagogikk,2,Akademiske yrker,23,Undervisningsyrker,1981,2609,-628,-0.24070525105404372,48330.0,66287.28,66670.0,0.37947444651355267,0.00577365672569452,-17,66670.0,65130.0,68680.0,47.2,31.0,1367,614,0.6900555275113579,513,940,528,0.2665320545179202,5.2,2025,true,2016K2,2026K2
2250,Veterinærer,2,Akademiske yrker,22,Medisinske yrker,1950,1069,881,0.824134705332086,45580.0,62515.50222222222,67220.0,0.4747696358051776,0.07525329895063182,-1,67220.0,65570.0,76210.0,41.7,32.1,1567,383,0.8035897435897436,939,720,291,0.14923076923076922,5.2,2025,true,2016K2,2026K2
3134,Kontrolloperatører ved olje- og naturgassraffineringsanlegg,3,Høyskoleyrker,31,Ingeniører mv.,1946,1886,60,0.03181336161187698,54150.0,74269.73333333332,79850.0,0.47460757156048006,0.07513513804636451,-216,79850.0,73680.0,80150.0,45.5,33.9,132,1814,0.06783144912641316,609,825,512,0.263103802672148,3.6,2025,true,2016K2,2026K2
2131,"Biologer, botanikere, zoologer mv.",2,Akademiske yrker,21,"Realister, sivilingeniører mv.",1930,1252,678,0.5415335463258786,50210.0,68865.80444444444,67970.0,0.35371439952200756,-0.013007971832625587,-15,67970.0,66040.0,70640.0,42.6,34.1,1026,904,0.5316062176165803,842,713,375,0.19430051813471502,3.2,2025,true,2016K2,2026K2
7215,Riggere og spleisere,7,Håndverkere,72,Metall- og maskinarbeidere,1900,800,1100,1.375,41810.0,57344.73777777777,63030.0,0.5075340827553216,0.09914182961745754,-14,63030.0,,63140.0,40.3,30.4,73,1827,0.038421052631578946,998,658,244,0.12842105263157894,6.2,2025,true,2016K2,2026K2
2120,"Matematikere, statistikere mv.",2,Akademiske yrker,21,"Realister, sivilingeniører mv.",1886,1228,658,0.5358306188925082,46700.0,64051.644444444435,66250.0,0.4186295503211992,0.034321609923103846,38,66250.0,64050.0,69130.0,41.8,34.6,824,1062,0.4369034994697773,951,572,363,0.19247083775185578,2.8,2025,true,2016K2,2026K2
2262,Farmasøyter,2,Akademiske yrker,22,Medisinske yrker,1873,1431,442,0.30887491264849753,46700.0,64051.644444444435,63360.0,0.356745182012848,-0.010798230872032244,-4,63360.0,63020.0,64470.0,40.2,32.3,1493,380,0.797116924719701,949,690,234,0.12493326214628937,5.3,2025,true,2016K2,2026K2
9214,Hjelpearbeidere i gartneri mv.,9,"Renholdere, hjelpearbeidere mv.",92,"Hjelpearbeidere i jordbruk, skogbruk og fiske",1850,1592,258,0.1620603015075377,31450.0,43135.422222222216,43030.0,0.3682034976152624,-0.002443982620109919,-515,43030.0,40620.0,43680.0,40.2,28.1,411,1439,0.22216216216216217,1000,477,373,0.20162162162162162,6.0,2025,true,2016K2,2026K2
1222,PR- og informasjonssjefer,1,Ledere,12,Administrative og merkantile ledere,1838,1450,388,0.26758620689655177,56730.0,77808.34666666666,83010.0,0.4632469592808037,0.06685212520473383,36,83010.0,81750.0,84360.0,46.3,34.7,883,955,0.4804134929270947,522,878,438,0.2383025027203482,4.0,2025,true,2016K2,2026K2
2529,Sikkerhetsanalytikere mv.,2,Akademiske yrker,25,IKT-rådgivere,1770,2087,-317,-0.15189266890273123,52100.0,71458.04444444444,77100.0,0.4798464491362764,0.0789547992730466,-121,77100.0,71740.0,78810.0,46.2,35.8,334,1436,0.18870056497175142,542,772,456,0.2576271186440678,2.8,2025,true,2016K2,2026K2
1344,Ledere av sosialomsorg,1,Ledere,13,Ledere av enheter for vareproduksjon og tjenesteyting,1721,1612,109,0.06761786600496289,47610.0,65299.759999999995,67080.0,0.40894770006301195,0.027262581056959556,18,67080.0,66580.0,68330.0,48.7,34.9,839,882,0.4875072632190587,375,772,574,0.3335270191748983,5.3,2025,true,2016K2,2026K2
3131,Energikontrolloperatører,3,Høyskoleyrker,31,Ingeniører mv.,1689,1328,361,0.2718373493975903,44360.0,60842.20444444444,74710.0,0.6841749323715058,0.22793052425012594,-17,74710.0,78140.0,74210.0,43.9,35.3,180,1509,0.10657193605683836,645,604,440,0.2605091770278271,3.2,2025,true,2016K2,2026K2
2621,Arkivarer og kuratorer,2,Akademiske yrker,26,"Juridiske, samfunnsvitenskapelige og humanistiske yrker",1686,1123,563,0.5013357079252003,41000.0,56233.777777777774,56310.0,0.3734146341463416,0.0013554526342411943,27,56310.0,55750.0,57830.0,46.1,28.2,1178,508,0.6986951364175563,604,632,450,0.2669039145907473,4.8,2025,true,2016K2,2026K2
3259,Andre helseyrker,3,Høyskoleyrker,32,Helserelaterte yrker,1686,2215,-529,-0.23882618510158016,35900.0,49238.84444444444,52430.0,0.4604456824512535,0.06480971662842538,-27,52430.0,51980.0,53370.0,49.6,32.0,972,714,0.5765124555160143,351,676,659,0.39086595492289444,6.6,2025,true,2016K2,2026K2
2522,Systemadministratorer,2,Akademiske yrker,25,IKT-rådgivere,1631,880,751,0.853409090909091,48530.0,66561.5911111111,66650.0,0.3733772923964558,0.001328226795860532,-18,66650.0,62460.0,67620.0,44.1,36.2,445,1186,0.272838749233599,616,656,359,0.22011036174126303,4.0,2025,true,2016K2,2026K2
3432,Interiørdesignere og dekoratører,3,Høyskoleyrker,34,"Yrker innen kultur, idrett mv.",1600,1749,-149,-0.08519153802172674,34780.0,47702.702222222215,48610.0,0.3976423231742381,0.019019840292299417,-10,48610.0,47910.0,52270.0,42.2,32.7,1296,304,0.81,751,553,296,0.185,7.3,2025,true,2016K2,2026K2
9334,Varepåfyllere,9,"Renholdere, hjelpearbeidere mv.",93,"Hjelpearbeidere i bergverk, industri, bygg og anlegg og transport",1587,1024,563,0.5498046875,28440.0,39007.03999999999,41000.0,0.44163150492264425,0.051092315643535224,-127,41000.0,40450.0,41240.0,32.9,17.3,368,1219,0.2318840579710145,1165,232,190,0.11972274732199117,3.7,2020,true,2016K2,2026K2
7121,Taktekkere,7,Håndverkere,71,Byggearbeidere,1543,1336,207,0.15494011976047894,34570.0,47414.67555555555,51350.0,0.48539195834538607,0.08299802536523626,-127,51350.0,,51610.0,41.1,36.1,20,1523,0.012961762799740765,700,614,229,0.14841218405703174,8.7,2025,true,2016K2,2026K2
7512,"Bakere, konditorer mv.",7,Håndverkere,75,Andre håndverkspregede yrker,1512,1718,-206,-0.11990686845168796,31580.0,43313.72444444444,43250.0,0.369537682077264,-0.0014712298529343526,-75,43250.0,41410.0,45780.0,37.8,34.1,686,826,0.4537037037037037,830,473,209,0.13822751322751323,5.9,2025,true,2016K2,2026K2
3521,Teknikere innen radio og tv,3,Høyskoleyrker,35,IKT-teknikere,1447,1328,119,0.08960843373493965,39460.0,54121.58222222222,58750.0,0.4888494678155093,0.08551889260690082,-58,58750.0,58930.0,58750.0,41.1,28.2,284,1163,0.1962681409813407,743,481,223,0.15411195577055978,3.2,2025,true,2016K2,2026K2
2164,Arealplanleggere,2,Akademiske yrker,21,"Realister, sivilingeniører mv.",1439,1022,417,0.40802348336594907,47980.0,65807.23555555556,70000.0,0.4589412255106293,0.0637128183405431,38,70000.0,69580.0,70420.0,43.6,36.8,685,754,0.4760250173731758,634,496,309,0.2147324530924253,4.3,2025,true,2016K2,2026K2
7125,Glassarbeidere,7,Håndverkere,71,Byggearbeidere,1425,1386,39,0.02813852813852824,33230.0,45576.79111111111,48710.0,0.465844116761962,0.06874571053610334,-55,48710.0,,48750.0,43.1,35.7,28,1397,0.019649122807017545,582,546,297,0.20842105263157895,6.6,2025,true,2016K2,2026K2
3254,Optikere,3,Høyskoleyrker,32,Helserelaterte yrker,1418,1127,291,0.25820763087843823,41670.0,57152.719999999994,56490.0,0.3556515478761699,-0.011595598599681622,-22,56490.0,55210.0,60070.0,42.2,32.8,963,455,0.6791255289139634,668,466,284,0.2002820874471086,5.2,2025,true,2016K2,2026K2
7127,Kuldemontører mv.,7,Håndverkere,71,Byggearbeidere,1417,1092,325,0.29761904761904767,40760.0,55904.60444444444,57640.0,0.4141315014720315,0.031042086296847238,-20,57640.0,,57840.0,36.5,35.9,20,1397,0.014114326040931546,859,377,181,0.1277346506704305,5.4,2025,true,2016K2,2026K2
5112,Konduktører,5,Salgs- og serviceyrker,51,Yrker innen personlig tjenesteyting,1414,1412,2,0.0014164305949009304,49020.0,67233.65333333332,64720.0,0.3202774377804978,-0.03738683246723251,21,64720.0,63750.0,65230.0,43.8,33.6,608,806,0.42998585572843,574,504,336,0.2376237623762376,9.5,2025,true,2016K2,2026K2
3141,Bioteknikere (ikke-medisinske laboratorier),3,Høyskoleyrker,31,Ingeniører mv.,1349,1366,-17,-0.012445095168374776,35720.0,48991.96444444444,52140.0,0.45968645016797316,0.06425616101034981,-14,52140.0,51630.0,53840.0,42.1,30.9,889,460,0.6590066716085989,681,368,300,0.2223869532987398,5.8,2025,true,2016K2,2026K2
8182,Fyrkjele- og turbinoperatører,8,"Prosess- og maskinoperatører, transportarbeidere mv.",81,Prosess- og maskinoperatører,1348,1109,239,0.21550946798917936,37620.0,51597.92,55840.0,0.48431685273790537,0.08221416677261417,12,55840.0,,55910.0,46.9,34.1,74,1274,0.05489614243323442,384,531,433,0.3212166172106825,4.9,2025,true,2016K2,2026K2
7421,Serviceelektronikere,7,Håndverkere,74,"Elektrikere, elektronikere mv.",1337,1565,-228,-0.14568690095846648,36080.0,49485.72444444444,54170.0,0.5013858093126387,0.09465912863040749,-52,54170.0,55510.0,54070.0,44.1,36.4,174,1163,0.13014210919970082,528,459,350,0.2617801047120419,4.4,2025,true,2016K2,2026K2
1111,Politikere,1,Ledere,11,Politikere og toppledere,1334,1543,-209,-0.135450421257291,63200.0,86682.3111111111,88330.0,0.397626582278481,0.019008363618464807,-35,88330.0,86570.0,91120.0,47.5,15.9,552,782,0.41379310344827586,374,344,616,0.4617691154422789,2.2,2025,true,2016K2,2026K2
2654,Regissører,2,Akademiske yrker,26,"Juridiske, samfunnsvitenskapelige og humanistiske yrker",1329,828,501,0.605072463768116,45830.0,62858.39111111111,63000.0,0.3746454287584551,0.0022528239489709723,4,63000.0,61950.0,64380.0,42.6,31.8,538,791,0.40481565086531224,576,567,186,0.1399548532731377,3.9,2025,true,2016K2,2026K2
4214,Inkassomedarbeidere mv.,4,Kontoryrker,42,Kundeserviceyrker,1329,1176,153,0.13010204081632648,35000.0,48004.44444444444,48000.0,0.37142857142857144,-0.00009258401999800991,-41,48000.0,48330.0,47760.0,41.3,33.1,851,478,0.6403310759969902,701,354,274,0.20617005267118135,6.8,2025,true,2016K2,2026K2
3332,Konferanse- og arrangementsplanleggere mv.,3,Høyskoleyrker,33,"Medarbeidere innen økonomi, administrasjon og salg",1310,824,486,0.5898058252427185,40000.0,54862.22222222222,57000.0,0.42500000000000004,0.03896629941672081,-2,57000.0,54770.0,62480.0,41.5,29.7,753,557,0.5748091603053435,626,482,202,0.15419847328244274,4.8,2025,true,2016K2,2026K2
6210,Skogbrukere,6,"Bønder, fiskere mv.",62,"Skogbrukere, fiskere mv.",1258,838,420,0.5011933174224343,30850.0,42312.48888888888,43680.0,0.41588330632090753,0.032319325736241966,-372,43680.0,,43820.0,38.5,32.4,54,1204,0.04292527821939587,709,354,195,0.15500794912559618,4.2,2024,true,2016K2,2026K2
9612,Gjenvinningsarbeidere,9,"Renholdere, hjelpearbeidere mv.",96,Renovasjons- og gjenvinningsarbeidere mv.,1255,695,560,0.8057553956834533,31210.0,42806.248888888884,45080.0,0.44440884331944885,0.05311727072869754,-30,45080.0,44400.0,45290.0,41.5,31.3,194,1061,0.15458167330677292,578,390,287,0.22868525896414343,6.8,2025,true,2016K2,2026K2
2632,"Rådgivere/forskere, samfunnsvitenskap",2,Akademiske yrker,26,"Juridiske, samfunnsvitenskapelige og humanistiske yrker",1214,765,449,0.5869281045751633,49330.0,67658.83555555555,68740.0,0.39347253192783294,0.01597964900765536,-1,68740.0,67070.0,72570.0,46.6,33.5,725,489,0.5971993410214168,367,518,329,0.27100494233937394,4.3,2025,true,2016K2,2026K2
1439,Andre daglige ledere i tjenesteytende virksomheter,1,Ledere,14,"Ledere i hotell, restaurant, varehandel mv.",1190,855,335,0.39181286549707606,40000.0,54862.22222222222,55460.0,0.38650000000000007,0.010895981853532133,-9,55460.0,52500.0,63900.0,47.0,32.8,783,407,0.6579831932773109,334,482,374,0.3142857142857143,5.6,2025,true,2016K2,2026K2
8181,Operatører innen glass- og keramisk produksjon,8,"Prosess- og maskinoperatører, transportarbeidere mv.",81,Prosess- og maskinoperatører,1190,1421,-231,-0.16256157635467983,32480.0,44548.12444444444,45300.0,0.3947044334975369,0.016877827404231605,2,45300.0,41670.0,45590.0,42.3,32.2,215,975,0.18067226890756302,550,389,251,0.21092436974789916,6.1,2025,true,2016K2,2026K2
3431,Fotografer og filmfotografer,3,Høyskoleyrker,34,"Yrker innen kultur, idrett mv.",1187,943,244,0.2587486744432661,38000.0,52119.1111111111,56670.0,0.49131578947368415,0.08731708564996432,-82,56670.0,52370.0,58360.0,41.4,31.8,333,854,0.2805391743892165,562,439,186,0.15669755686604886,3.8,2025,true,2016K2,2026K2
3240,Dyrepleiere,3,Høyskoleyrker,32,Helserelaterte yrker,1177,1049,128,0.1220209723546235,27580.0,37827.50222222222,43420.0,0.574329224075417,0.14784211087805854,-10,43420.0,43350.0,,35.5,27.8,1119,58,0.9507221750212405,841,261,75,0.0637213254035684,7.2,2025,true,2016K2,2026K2
3351,Tollere,3,Høyskoleyrker,33,"Medarbeidere innen økonomi, administrasjon og salg",1175,1301,-126,-0.09684857801691005,38690.0,53065.48444444444,55690.0,0.43939002326182486,0.04945805325311281,0,55690.0,53750.0,57510.0,43.9,35.5,546,629,0.4646808510638298,449,439,287,0.24425531914893617,5.9,2025,true,2016K2,2026K2
7232,Mekanikere innen flytekniske fag,7,Håndverkere,72,Metall- og maskinarbeidere,1170,2111,-941,-0.4457603031738513,45390.0,62254.90666666666,67050.0,0.47719762062128224,0.07702354063444106,-30,67050.0,,67640.0,38.0,35.3,95,1075,0.0811965811965812,670,248,252,0.2153846153846154,3.3,2025,true,2016K2,2026K2
2641,Forfattere mv.,2,Akademiske yrker,26,"Juridiske, samfunnsvitenskapelige og humanistiske yrker",1169,1200,-31,-0.025833333333333375,48710.0,66808.47111111111,66300.0,0.3611168137959351,-0.0076108778221470885,-66,66300.0,64750.0,70280.0,46.0,30.9,724,445,0.6193327630453379,367,511,291,0.24893071000855432,3.5,2025,true,2016K2,2026K2
2631,"Rådgivere/forskere, samfunnsøkonomi",2,Akademiske yrker,26,"Juridiske, samfunnsvitenskapelige og humanistiske yrker",1168,1246,-78,-0.0626003210272873,51080.0,70059.05777777777,71140.0,0.39271730618637424,0.015429014555846665,-43,71140.0,68750.0,73880.0,45.5,35.1,533,635,0.4563356164383562,422,412,334,0.285958904109589,3.1,2025,true,2016K2,2026K2
5164,Dyrepassere og - trenere mv.,5,Salgs- og serviceyrker,51,Yrker innen personlig tjenesteyting,1166,324,842,2.5987654320987654,27000.0,37031.99999999999,36860.0,0.3651851851851853,-0.004644631669906918,-28,36860.0,36580.0,39580.0,32.8,23.5,994,172,0.8524871355060034,880,195,91,0.07804459691252144,6.5,2025,false,2016K2,2026K2
2619,Andre juridiske yrker,2,Akademiske yrker,26,"Juridiske, samfunnsvitenskapelige og humanistiske yrker",1161,684,477,0.6973684210526316,49440.0,67809.70666666667,73330.0,0.48321197411003247,0.08140860069590827,19,73330.0,70830.0,82770.0,40.1,34.8,789,372,0.6795865633074936,647,337,177,0.1524547803617571,3.6,2025,true,2016K2,2026K2
2133,Miljøvernrådgivere,2,Akademiske yrker,21,"Realister, sivilingeniører mv.",1155,329,826,2.5106382978723403,45840.0,62872.10666666666,67090.0,0.46356893542757427,0.06708687774207456,65,67090.0,66670.0,68750.0,39.0,35.3,719,436,0.6225108225108225,674,358,123,0.10649350649350649,4.7,2025,false,2016K2,2026K2
2424,Rådgivere innen kompetanseutvikling,2,Akademiske yrker,24,"Rådgivere innen økonomi, administrasjon og salg",1135,792,343,0.4330808080808082,46060.0,63173.84888888888,65010.0,0.41141988710377775,0.029065050545528326,-5,65010.0,62400.0,66420.0,45.8,34.6,448,687,0.3947136563876652,365,470,300,0.2643171806167401,3.2,2025,true,2016K2,2026K2
3522,Teknikere innen telekom,3,Høyskoleyrker,35,IKT-teknikere,1123,936,187,0.19978632478632474,44930.0,61623.99111111111,45060.0,0.0028933897173379908,-0.2687912745093938,-90,45060.0,42110.0,47090.0,36.4,32.3,347,776,0.3089937666963491,782,241,100,0.08904719501335707,6.8,2025,true,2016K2,2026K2
2141,Sivilingeniører (industri og produksjon),2,Akademiske yrker,21,"Realister, sivilingeniører mv.",1104,1037,67,0.06460945033751209,48710.0,66808.47111111111,69850.0,0.4339971258468487,0.045526096291448326,-34,69850.0,69430.0,69850.0,43.8,36.7,214,890,0.19384057971014493,455,393,256,0.2318840579710145,2.6,2025,true,2016K2,2026K2
3251,Tannpleiere,3,Høyskoleyrker,32,Helserelaterte yrker,1070,910,160,0.17582417582417587,36340.0,49842.328888888886,51960.0,0.4298293891029168,0.0424874029428266,-7,51960.0,51960.0,,40.4,31.9,1038,32,0.9700934579439252,562,335,173,0.1616822429906542,8.0,2025,true,2016K2,2026K2
3214,Protese- og tannteknikere,3,Høyskoleyrker,32,Helserelaterte yrker,1044,982,62,0.06313645621181263,38210.0,52407.137777777774,57210.0,0.49725202826485204,0.09164519235123714,-17,57210.0,56920.0,58150.0,44.6,35.2,534,510,0.5114942528735632,396,358,290,0.2777777777777778,5.5,2025,true,2016K2,2026K2
7322,Trykkere,7,Håndverkere,73,"Presisjonsarbeidere, kunsthåndverkere, grafiske arbeidere mv.",1029,1523,-494,-0.3243598161523309,33640.0,46139.12888888888,47000.0,0.39714625445897744,0.018658157009947995,-31,47000.0,42240.0,48590.0,45.6,32.4,270,759,0.26239067055393583,365,293,371,0.36054421768707484,4.9,2025,true,2016K2,2026K2
5163,Begravelsesbyrå- og krematoriearbeidere,5,Salgs- og serviceyrker,51,Yrker innen personlig tjenesteyting,1022,733,289,0.39427012278308315,37800.0,51844.799999999996,52100.0,0.37830687830687837,0.004922383729901725,2,52100.0,51420.0,53600.0,47.8,24.9,461,561,0.45107632093933464,289,315,418,0.4090019569471624,5.3,2025,true,2016K2,2026K2
9321,Håndpakkere mv.,9,"Renholdere, hjelpearbeidere mv.",93,"Hjelpearbeidere i bergverk, industri, bygg og anlegg og transport",1009,1686,-677,-0.4015421115065243,30420.0,41722.719999999994,44420.0,0.4602235371466141,0.06464775067397355,-50,44420.0,42110.0,46280.0,41.2,23.0,401,608,0.39742319127849357,525,332,152,0.1506442021803766,5.6,2025,true,2016K2,2026K2
1112,Toppledere i offentlig administrasjon,1,Ledere,11,Politikere og toppledere,994,878,116,0.13211845102505704,88530.0,121423.81333333332,120720.0,0.3636055574381565,-0.005796336929406176,-1,120720.0,119820.0,120850.0,52.9,36.2,430,564,0.43259557344064387,98,395,501,0.5040241448692153,1.7,2025,true,2016K2,2026K2
2265,Ernæringsfysiologer,2,Akademiske yrker,22,Medisinske yrker,993,599,394,0.657762938230384,44380.0,60869.63555555555,59330.0,0.3368634520054079,-0.02529398346980949,4,59330.0,58260.0,65050.0,41.9,32.6,808,185,0.8136958710976838,484,337,172,0.1732124874118832,4.6,2025,true,2016K2,2026K2
2320,Yrkesfaglærere,2,Akademiske yrker,23,Undervisningsyrker,970,814,156,0.19164619164619157,42240.0,57934.50666666666,56470.0,0.3368844696969697,-0.02527865948859942,-5,56470.0,57210.0,56060.0,44.7,26.5,427,543,0.4402061855670103,396,351,223,0.22989690721649483,3.6,2025,true,2016K2,2026K2
2113,Kjemikere,2,Akademiske yrker,21,"Realister, sivilingeniører mv.",952,640,312,0.48750000000000004,55000.0,75435.55555555555,77500.0,0.40909090909090917,0.02736699463854375,-33,77500.0,74500.0,80170.0,43.2,35.7,528,424,0.5546218487394958,404,369,179,0.1880252100840336,2.9,2025,true,2016K2,2026K2
4415,Arkivassistenter,4,Kontoryrker,44,"Postbud, arkiv- og personalkontormedarbeidere",937,1197,-260,-0.2172096908939014,36430.0,49965.76888888888,52530.0,0.44194345319791384,0.05131975686821333,-33,52530.0,52760.0,50890.0,48.8,29.2,643,294,0.6862326574172892,240,334,363,0.3874066168623266,5.7,2025,true,2016K2,2026K2
2162,Landskapsarkitekter,2,Akademiske yrker,21,"Realister, sivilingeniører mv.",933,619,314,0.507269789983845,53210.0,72980.47111111111,76670.0,0.4408945686900958,0.050555016057263646,-17,76670.0,75380.0,79170.0,41.5,35.9,641,292,0.6870310825294748,456,348,129,0.1382636655948553,5.5,2025,true,2016K2,2026K2
8341,Jordbruks- og skogbruksmaskinførere,8,"Prosess- og maskinoperatører, transportarbeidere mv.",83,Transportarbeidere og operatører av mobile maskiner mv.,926,695,231,0.3323741007194245,32180.0,44136.65777777777,47940.0,0.48974518334369166,0.08617195804384536,30,47940.0,,47970.0,41.0,32.7,21,905,0.02267818574514039,466,218,242,0.2613390928725702,2.9,2025,true,2016K2,2026K2
2163,Produkt- og klesdesignere,2,Akademiske yrker,21,"Realister, sivilingeniører mv.",914,557,357,0.6409335727109515,44580.0,61143.94666666666,62860.0,0.41004934948407357,0.028065792721699845,-6,62860.0,58510.0,69670.0,41.5,34.7,511,403,0.5590809628008753,436,356,122,0.13347921225382933,3.5,2025,true,2016K2,2026K2
8152,Operatører innen tekstilproduksjon mv.,8,"Prosess- og maskinoperatører, transportarbeidere mv.",81,Prosess- og maskinoperatører,908,808,100,0.12376237623762387,32620.0,44740.14222222222,45720.0,0.40159411404046597,0.02190108768342469,23,45720.0,44250.0,47260.0,42.3,33.4,398,510,0.43832599118942733,400,313,195,0.21475770925110133,6.8,2025,true,2016K2,2026K2
8183,"Pakke-, tappe- og etikettmaskinoperatører",8,"Prosess- og maskinoperatører, transportarbeidere mv.",81,Prosess- og maskinoperatører,900,912,-12,-0.013157894736842146,35430.0,48594.213333333326,49980.0,0.4106689246401354,0.028517524445983655,-98,49980.0,47110.0,51690.0,44.1,33.3,299,601,0.3322222222222222,354,325,221,0.24555555555555555,6.3,2025,true,2016K2,2026K2
2612,Dommere,2,Akademiske yrker,26,"Juridiske, samfunnsvitenskapelige og humanistiske yrker",877,866,11,0.012702078521940052,,,123640.0,,,1,123640.0,123640.0,123640.0,49.6,37.0,437,440,0.4982896237172178,191,340,346,0.3945267958950969,2.5,2025,true,2016K2,2026K2
2145,Sivilingeniører (kjemi),2,Akademiske yrker,21,"Realister, sivilingeniører mv.",872,575,297,0.5165217391304349,54290.0,74461.75111111111,71600.0,0.3188432492171671,-0.03843249814043226,-21,71600.0,67120.0,75380.0,44.4,36.0,410,462,0.4701834862385321,347,314,211,0.24197247706422018,3.0,2025,true,2016K2,2026K2
4416,Personalkontormedarbeidere,4,Kontoryrker,44,"Postbud, arkiv- og personalkontormedarbeidere",857,335,522,1.5582089552238805,40280.0,55246.25777777777,59580.0,0.4791459781529295,0.0784440864692455,17,59580.0,60000.0,58350.0,37.8,33.9,721,136,0.8413068844807468,559,197,101,0.11785297549591599,4.2,2025,false,2016K2,2026K2
2165,"Landmålere, kartografer mv.",2,Akademiske yrker,21,"Realister, sivilingeniører mv.",854,1028,-174,-0.169260700389105,45420.0,62296.05333333333,63880.0,0.4064288859533245,0.025426115811723937,-9,63880.0,62610.0,64210.0,46.7,35.5,256,598,0.2997658079625293,286,294,274,0.32084309133489464,3.1,2025,true,2016K2,2026K2
7133,"Feiere, fasaderenholdere mv.",7,Håndverkere,71,Byggearbeidere,849,826,23,0.02784503631961255,33780.0,46331.14666666666,47960.0,0.4197750148016577,0.03515676711073579,-35,47960.0,44630.0,48510.0,42.1,36.2,113,736,0.1330977620730271,383,286,180,0.21201413427561838,6.2,2025,true,2016K2,2026K2
9212,Hjelpearbeidere i husdyrproduksjon,9,"Renholdere, hjelpearbeidere mv.",92,"Hjelpearbeidere i jordbruk, skogbruk og fiske",826,692,134,0.19364161849710992,23420.0,32121.831111111107,32480.0,0.3868488471391973,0.011150326008812161,-14,32480.0,31430.0,35620.0,31.5,17.6,628,198,0.7602905569007264,662,120,44,0.053268765133171914,5.8,2025,true,2016K2,2026K2
7549,Andre håndverkere,7,Håndverkere,75,Andre håndverkspregede yrker,816,1066,-250,-0.23452157598499057,29820.0,40899.78666666666,41750.0,0.40006706908115364,0.020787720490147876,-21,41750.0,41690.0,,41.1,27.2,758,58,0.928921568627451,371,279,166,0.2034313725490196,5.9,2025,true,2016K2,2026K2
8153,Industrisyere,8,"Prosess- og maskinoperatører, transportarbeidere mv.",81,Prosess- og maskinoperatører,806,938,-132,-0.14072494669509594,29720.0,40762.631111111106,43750.0,0.47207267833109023,0.07328694952850068,-32,43750.0,44160.0,41840.0,46.9,32.3,601,205,0.7456575682382134,230,318,258,0.3200992555831266,5.8,2025,true,2016K2,2026K2
8111,Bergfagarbeidere,8,"Prosess- og maskinoperatører, transportarbeidere mv.",81,Prosess- og maskinoperatører,803,791,12,0.015170670037926604,38160.0,52338.56,58330.0,0.5285639412997905,0.11447468176426723,-53,58330.0,,58450.0,40.1,34.5,71,732,0.08841843088418432,436,179,188,0.23412204234122042,5.4,2025,true,2016K2,2026K2
9213,Hjelpearbeidere i kombinasjonsbruk,9,"Renholdere, hjelpearbeidere mv.",92,"Hjelpearbeidere i jordbruk, skogbruk og fiske",796,538,258,0.479553903345725,24360.0,33411.09333333333,35500.0,0.45730706075533667,0.06252135019426697,-255,35500.0,32480.0,36370.0,36.4,16.3,243,553,0.30527638190954776,541,128,127,0.15954773869346733,3.5,2025,true,2016K2,2026K2
4229,Andre opplysningsmedarbeidere,4,Kontoryrker,42,Kundeserviceyrker,794,763,31,0.04062909567496731,33260.0,45617.93777777777,46990.0,0.41280817799158154,0.03007725226217084,-55,46990.0,48330.0,44730.0,41.8,22.2,480,314,0.6045340050377834,421,222,151,0.190176322418136,6.0,2025,true,2016K2,2026K2
7113,Steinhoggere mv.,7,Håndverkere,71,Byggearbeidere,789,708,81,0.11440677966101687,35800.0,49101.688888888886,49990.0,0.3963687150837989,0.01809125370659359,-47,49990.0,,49850.0,45.6,35.1,44,745,0.05576679340937896,296,257,236,0.2991128010139417,6.4,2025,true,2016K2,2026K2
1411,Hotellsjefer,1,Ledere,14,"Ledere i hotell, restaurant, varehandel mv.",776,675,101,0.14962962962962956,40000.0,54862.22222222222,53000.0,0.32499999999999996,-0.03394361633182108,-20,53000.0,56200.0,51150.0,44.3,34.3,351,425,0.452319587628866,295,314,167,0.21520618556701032,5.2,2025,true,2016K2,2026K2
8344,Truckførere,8,"Prosess- og maskinoperatører, transportarbeidere mv.",83,Transportarbeidere og operatører av mobile maskiner mv.,776,890,-114,-0.12808988764044948,33420.0,45837.386666666665,47500.0,0.42130460801915026,0.036271992236904804,-29,47500.0,,47400.0,46.1,33.3,26,750,0.03350515463917526,264,253,259,0.3337628865979381,5.9,2025,true,2016K2,2026K2
4211,"Kundebehandlere, bank og postkontor",4,Kontoryrker,42,Kundeserviceyrker,760,967,-207,-0.21406411582213025,34160.0,46852.33777777777,47440.0,0.38875878220140514,0.012542858053519845,111,47440.0,47560.0,47290.0,44.8,28.6,439,321,0.5776315789473684,342,192,226,0.29736842105263156,6.7,2025,true,2016K2,2026K2
7321,Førtrykkere,7,Håndverkere,73,"Presisjonsarbeidere, kunsthåndverkere, grafiske arbeidere mv.",759,1444,-685,-0.474376731301939,36540.0,50116.63999999999,48170.0,0.31828133552271476,-0.038842188941636824,-16,48170.0,47000.0,49170.0,46.2,32.8,340,419,0.4479578392621871,242,287,230,0.30303030303030304,4.6,2025,true,2016K2,2026K2
2266,Audiografer og logopeder,2,Akademiske yrker,22,Medisinske yrker,758,413,345,0.8353510895883778,36830.0,50514.39111111111,54830.0,0.4887320119467826,0.08543325563197035,12,54830.0,54740.0,55470.0,41.0,34.0,626,132,0.8258575197889182,379,260,119,0.15699208443271767,5.7,2025,false,2016K2,2026K2
2513,Nett- og multimediautviklere,2,Akademiske yrker,25,IKT-rådgivere,749,165,584,3.539393939393939,43500.0,59662.666666666664,62500.0,0.4367816091954022,0.04755626075491093,-28,62500.0,59390.0,63700.0,36.4,33.6,157,592,0.2096128170894526,524,198,27,0.036048064085447265,2.9,2025,false,2016K2,2026K2
3324,Handels- og skipsmeglere,3,Høyskoleyrker,33,"Medarbeidere innen økonomi, administrasjon og salg",742,779,-37,-0.047496790757381224,58590.0,80359.43999999999,83330.0,0.42225635774022874,0.0369659121566801,9,83330.0,70830.0,88400.0,44.4,36.6,111,631,0.1495956873315364,278,285,179,0.24123989218328842,1.1,2025,true,2016K2,2026K2
2153,Sivilingeniører (telekommunikasjon),2,Akademiske yrker,21,"Realister, sivilingeniører mv.",717,232,485,2.0905172413793105,53370.0,73199.92,82590.0,0.5474985947161326,0.12827992161740065,67,82590.0,69840.0,84910.0,46.7,36.8,128,589,0.17852161785216178,241,252,224,0.3124128312412831,2.7,2025,false,2016K2,2026K2
3342,Advokatsekretær,3,Høyskoleyrker,33,"Medarbeidere innen økonomi, administrasjon og salg",715,954,-239,-0.25052410901467503,37670.0,51666.497777777775,55560.0,0.4749137244491637,0.07535835385956546,-3,55560.0,56000.0,,45.8,29.2,648,67,0.9062937062937063,287,190,238,0.3328671328671329,4.2,2025,true,2016K2,2026K2
2434,Salgskonsulenter innen IKT-produkter,2,Akademiske yrker,24,"Rådgivere innen økonomi, administrasjon og salg",698,425,273,0.6423529411764706,50000.0,68577.77777777777,75820.0,0.5164,0.10560596241088804,19,75820.0,70070.0,78300.0,42.8,36.6,152,546,0.2177650429799427,301,270,127,0.1819484240687679,3.7,2025,false,2016K2,2026K2
1311,"Ledere i skogbruk, gartnerier mv.",1,Ledere,13,Ledere av enheter for vareproduksjon og tjenesteyting,695,902,-207,-0.229490022172949,46700.0,64051.644444444435,68260.0,0.4616702355460385,0.06570253725812947,-17,68260.0,66820.0,69850.0,49.4,34.6,243,452,0.3496402877697842,145,268,282,0.40575539568345326,4.2,2025,true,2016K2,2026K2
4223,Sentralbordoperatører,4,Kontoryrker,42,Kundeserviceyrker,687,1568,-881,-0.5618622448979591,32670.0,44808.719999999994,47920.0,0.4667891031527396,0.06943469931745438,-17,47920.0,47500.0,48900.0,45.3,28.1,489,198,0.7117903930131004,278,183,226,0.3289665211062591,6.9,2025,true,2016K2,2026K2
3155,Teknikere innen luftfartssikkerhet,3,Høyskoleyrker,31,Ingeniører mv.,686,41,645,15.73170731707317,,,87930.0,,,24,87930.0,,88000.0,44.8,34.1,42,644,0.061224489795918366,268,190,228,0.3323615160349854,,,false,2016K2,2026K2
2655,Skuespillere,2,Akademiske yrker,26,"Juridiske, samfunnsvitenskapelige og humanistiske yrker",669,615,54,0.08780487804878057,38400.0,52667.73333333333,55270.0,0.43932291666666656,0.04940912589112134,22,55270.0,54160.0,56990.0,41.1,22.2,342,327,0.5112107623318386,365,188,116,0.17339312406576982,2.8,2025,true,2016K2,2026K2
3143,Skogteknikere,3,Høyskoleyrker,31,Ingeniører mv.,647,605,42,0.06942148760330569,41280.0,56617.813333333324,59690.0,0.4459786821705427,0.05426183891241787,4,59690.0,54780.0,60290.0,45.3,31.9,103,544,0.15919629057187018,245,195,207,0.31993817619783615,3.1,2025,true,2016K2,2026K2
7541,Yrkesdykkere,7,Håndverkere,75,Andre håndverkspregede yrker,646,447,199,0.44519015659955263,43870.0,60170.14222222222,61610.0,0.40437656713015735,0.023929771886861406,35,61610.0,,61870.0,36.8,34.9,29,617,0.04489164086687306,412,177,57,0.08823529411764706,5.0,2025,false,2016K2,2026K2
3513,"Nettverks- og systemteknikere, IKT",3,Høyskoleyrker,35,IKT-teknikere,642,654,-12,-0.01834862385321101,48310.0,66259.84888888888,69010.0,0.42848271579383157,0.04150554456776456,8,69010.0,,69880.0,42.6,35.6,83,559,0.1292834890965732,272,244,126,0.19626168224299065,2.6,2025,true,2016K2,2026K2
2132,Sivilagronomer mv.,2,Akademiske yrker,21,"Realister, sivilingeniører mv.",630,497,133,0.267605633802817,47270.0,64833.4311111111,61540.0,0.301882800930823,-0.050798346696580676,92,61540.0,58400.0,63260.0,44.4,33.7,315,315,0.5,253,208,169,0.26825396825396824,3.9,2025,false,2016K2,2026K2
5245,Servicemedarbeidere (bensinstasjon),5,Salgs- og serviceyrker,52,Salgsyrker,628,3768,-3140,-0.8333333333333334,25030.0,34330.03555555555,40000.0,0.5980823012385137,0.16516045942535862,-73,40000.0,39370.0,40630.0,37.7,24.2,242,386,0.3853503184713376,387,133,108,0.17197452229299362,5.5,2025,true,2016K2,2026K2
4132,Dataregistrere,4,Kontoryrker,41,Kontormedarbeidere,624,492,132,0.2682926829268293,35830.0,49142.83555555555,61300.0,0.7108568238905946,0.24738426887681064,-1,61300.0,58100.0,63000.0,40.1,33.8,298,326,0.4775641025641026,364,152,108,0.17307692307692307,4.0,2022,false,2016K2,2026K2
3142,Agroteknikere,3,Høyskoleyrker,31,Ingeniører mv.,613,498,115,0.23092369477911645,38930.0,53394.65777777777,58790.0,0.5101464166452607,0.10104648005568273,-39,58790.0,57100.0,61020.0,44.0,32.4,280,333,0.4567699836867863,264,173,176,0.28711256117455136,3.4,2025,false,2016K2,2026K2
8143,Operatører innen papirprodukter,8,"Prosess- og maskinoperatører, transportarbeidere mv.",81,Prosess- og maskinoperatører,612,460,152,0.33043478260869574,31840.0,43670.328888888886,45130.0,0.4173994974874371,0.03342477943834532,15,45130.0,42340.0,45580.0,43.7,30.2,128,484,0.20915032679738563,270,178,164,0.2679738562091503,7.8,2025,false,2016K2,2026K2
6222,Fiskere,6,"Bønder, fiskere mv.",62,"Skogbrukere, fiskere mv.",576,590,-14,-0.023728813559321993,33000.0,45261.33333333333,35410.0,0.073030303030303,-0.21765451010428316,-79,35410.0,,35170.0,42.2,30.8,62,514,0.1076388888888889,262,150,164,0.2847222222222222,5.6,2025,true,2016K2,2026K2
7531,"Skreddere, buntmakere mv.",7,Håndverkere,75,Andre håndverkspregede yrker,569,445,124,0.27865168539325835,33480.0,45919.67999999999,49170.0,0.4686379928315412,0.07078272322455215,4,49170.0,49250.0,43420.0,44.2,30.6,468,101,0.8224956063268892,201,218,150,0.26362038664323373,5.9,2025,false,2016K2,2026K2
2143,Sivilingeniører (miljøteknikk),2,Akademiske yrker,21,"Realister, sivilingeniører mv.",539,151,388,2.5695364238410594,54790.0,75147.52888888888,88780.0,0.6203686804161344,0.1814094397071624,95,88780.0,87750.0,90970.0,40.8,37.4,318,221,0.5899814471243042,279,186,74,0.137291280148423,4.8,2025,false,2016K2,2026K2
5169,Andre personlige tjenesteytere,5,Salgs- og serviceyrker,51,Yrker innen personlig tjenesteyting,534,734,-200,-0.2724795640326976,40730.0,55863.457777777774,41450.0,0.017677387674932543,-0.25801227405424554,-42,41450.0,41970.0,41240.0,34.5,9.1,278,256,0.5205992509363296,343,81,110,0.20599250936329588,3.8,2022,true,2016K2,2026K2
7311,Presisjonsinstrumentmakere og -reparatører,7,Håndverkere,73,"Presisjonsarbeidere, kunsthåndverkere, grafiske arbeidere mv.",533,558,-25,-0.04480286738351258,36460.0,50006.91555555555,57390.0,0.5740537575425124,0.14764126846100245,5,57390.0,,58030.0,44.1,34.5,56,477,0.1050656660412758,209,169,155,0.29080675422138835,4.0,2025,true,2016K2,2026K2
2111,Fysikere og astronomer,2,Akademiske yrker,21,"Realister, sivilingeniører mv.",532,322,210,0.6521739130434783,52880.0,72527.85777777777,76440.0,0.44553706505295,0.053939856244049844,3,76440.0,69180.0,81440.0,42.0,35.8,169,363,0.3176691729323308,238,213,81,0.15225563909774437,2.2,2018,false,2016K2,2026K2
2521,Databasedesignere og -administratorer,2,Akademiske yrker,25,IKT-rådgivere,525,395,130,0.3291139240506329,50690.0,69524.1511111111,74570.0,0.4710988360623398,0.07257692195083099,-15,74570.0,69590.0,76930.0,42.9,35.2,160,365,0.3047619047619048,237,189,99,0.18857142857142858,3.0,2025,false,2016K2,2026K2
3154,Flygeledere,3,Høyskoleyrker,31,Ingeniører mv.,517,560,-43,-0.07678571428571423,,,122220.0,,,5,122220.0,100720.0,123970.0,44.7,34.9,127,390,0.24564796905222436,179,231,107,0.20696324951644102,,,true,2016K2,2026K2
4227,Intervjuere,4,Kontoryrker,42,Kundeserviceyrker,502,967,-465,-0.4808686659772492,24040.0,32972.195555555554,34810.0,0.4480033277870217,0.055738006325599,-44,34810.0,35320.0,34460.0,40.0,12.5,246,256,0.4900398406374502,287,103,112,0.22310756972111553,3.7,2025,true,2016K2,2026K2
7544,Desinfeksjonsarbeidere og skadedyrbekjempere,7,Håndverkere,75,Andre håndverkspregede yrker,486,299,187,0.6254180602006689,34800.0,47730.13333333333,45080.0,0.2954022988505747,-0.0555232753033722,-14,45080.0,,45830.0,43.5,35.4,68,418,0.13991769547325103,196,195,95,0.19547325102880658,4.5,2025,false,2016K2,2026K2
9111,Renholdere i private hjem,9,"Renholdere, hjelpearbeidere mv.",91,Renholdere mv.,453,296,157,0.5304054054054055,27600.0,37854.93333333333,38970.0,0.41195652173913033,0.029456310406041464,25,38970.0,38970.0,,41.3,19.4,416,37,0.9183222958057395,207,183,63,0.1390728476821192,7.7,2025,false,2016K2,2026K2
7318,"Vevere, strikkere mv. (innen husflidsproduksjon)",7,Håndverkere,73,"Presisjonsarbeidere, kunsthåndverkere, grafiske arbeidere mv.",452,378,74,0.1957671957671958,30830.0,42285.05777777777,41660.0,0.3512812195913071,-0.014782001270109646,18,41660.0,41590.0,,48.0,19.2,429,23,0.9491150442477876,101,146,205,0.45353982300884954,7.1,2025,false,2016K2,2026K2
4225,Informasjonsskrankemedarbeidere,4,Kontoryrker,42,Kundeserviceyrker,437,420,17,0.040476190476190554,35510.0,48703.93777777777,51320.0,0.44522669670515347,0.05371356694316143,-5,51320.0,48830.0,52000.0,44.1,29.9,157,280,0.35926773455377575,189,136,112,0.2562929061784897,6.0,2025,false,2016K2,2026K2
7234,Sykkelreparatører mv.,7,Håndverkere,72,Metall- og maskinarbeidere,430,115,315,2.739130434782609,29170.0,40008.27555555555,37000.0,0.2684264655467947,-0.07519133263762523,-22,37000.0,,37080.0,32.1,28.8,16,414,0.037209302325581395,313,86,31,0.07209302325581396,4.1,2025,false,2016K2,2026K2
5230,Billettselgere,5,Salgs- og serviceyrker,52,Salgsyrker,426,540,-114,-0.21111111111111114,34270.0,47003.20888888888,41710.0,0.21709950393930555,-0.11261377710193199,-81,41710.0,41940.0,40880.0,36.3,16.7,253,173,0.5938967136150235,308,59,59,0.13849765258215962,5.6,2025,false,2016K2,2026K2
1312,Ledere innen akvakultur mv.,1,Ledere,13,Ledere av enheter for vareproduksjon og tjenesteyting,412,249,163,0.6546184738955823,56000.0,76807.11111111111,84860.0,0.5153571428571428,0.10484561614665311,1,84860.0,,86040.0,45.2,36.8,89,323,0.21601941747572814,151,160,101,0.24514563106796117,2.3,2025,false,2016K2,2026K2
4212,"Bingoverter, bookmakere mv.",4,Kontoryrker,42,Kundeserviceyrker,407,804,-397,-0.4937810945273632,28730.0,39404.79111111111,38680.0,0.34632788026453176,-0.01839347680000103,-24,38680.0,38320.0,40320.0,46.0,18.7,266,141,0.6535626535626535,157,105,145,0.35626535626535627,7.6,2023,false,2016K2,2026K2
5243,Dørselgere,5,Salgs- og serviceyrker,52,Salgsyrker,395,252,143,0.5674603174603174,42280.0,57989.36888888889,50000.0,0.18259224219489112,-0.13777299256691333,2,50000.0,,51780.0,33.2,26.6,86,309,0.21772151898734177,296,63,36,0.09113924050632911,5.5,2025,false,2016K2,2026K2
6122,Egg- og fjærfeprodusenter,6,"Bønder, fiskere mv.",61,Jordbrukere,390,308,82,0.26623376623376616,27510.0,37731.49333333333,42220.0,0.534714649218466,0.11895915772571253,15,42220.0,42220.0,43350.0,41.8,18.3,142,248,0.3641025641025641,192,102,96,0.24615384615384617,4.3,2025,false,2016K2,2026K2
2269,Kiropraktorer mv.,2,Akademiske yrker,22,Medisinske yrker,381,211,170,0.8056872037914693,48000.0,65834.66666666666,66670.0,0.3889583333333333,0.012688350615683852,-3,66670.0,63500.0,70470.0,44.6,33.8,141,240,0.3700787401574803,127,184,70,0.1837270341207349,5.6,2025,false,2016K2,2026K2
2355,Andre lærere i estetiske fag,2,Akademiske yrker,23,Undervisningsyrker,379,297,82,0.27609427609427617,33600.0,46084.26666666666,50000.0,0.48809523809523814,0.0849689843533008,-21,50000.0,50000.0,,35.1,9.8,337,42,0.8891820580474934,298,66,15,0.0395778364116095,4.0,2025,false,2016K2,2026K2
7313,"Gull- og sølvsmeder, gravører mv.",7,Håndverkere,73,"Presisjonsarbeidere, kunsthåndverkere, grafiske arbeidere mv.",371,361,10,0.027700831024930705,33000.0,45261.33333333333,48250.0,0.46212121212121215,0.06603134389913401,-4,48250.0,46780.0,49830.0,48.3,32.0,210,161,0.5660377358490566,104,127,140,0.37735849056603776,4.1,2025,false,2016K2,2026K2
2656,Programledere i TV og radio,2,Akademiske yrker,26,"Juridiske, samfunnsvitenskapelige og humanistiske yrker",357,378,-21,-0.05555555555555558,44000.0,60348.44444444444,70000.0,0.5909090909090908,0.15993047781771064,22,70000.0,72360.0,67930.0,43.3,31.6,192,165,0.5378151260504201,143,141,73,0.20448179271708683,3.4,2025,false,2016K2,2026K2
2514,Applikasjonsprogrammerere,2,Akademiske yrker,25,IKT-rådgivere,349,132,217,1.643939393939394,51600.0,70772.26666666666,71280.0,0.38139534883720927,0.007174184991484589,3,71280.0,,72210.0,38.6,34.7,56,293,0.16045845272206305,220,96,33,0.09455587392550144,1.7,2025,false,2016K2,2026K2
2651,"Skulptører, kunstmalere og andre billedkunstnere",2,Akademiske yrker,26,"Juridiske, samfunnsvitenskapelige og humanistiske yrker",342,187,155,0.8288770053475936,36110.0,49526.871111111104,53330.0,0.4768762115757408,0.0767892015701288,9,53330.0,51260.0,54170.0,39.0,31.1,118,224,0.34502923976608185,191,116,35,0.1023391812865497,2.6,2025,false,2016K2,2026K2
4312,Forsikrings- og finansmedarbeidere,4,Kontoryrker,43,Økonomi- og logistikkmedarbeidere,341,529,-188,-0.35538752362948955,38710.0,53092.91555555555,54540.0,0.40893825884784296,0.027255697474934282,-16,54540.0,54540.0,,47.9,32.8,281,60,0.8240469208211144,109,86,146,0.4281524926686217,5.0,2025,false,2016K2,2026K2
5211,Torghandlere,5,Salgs- og serviceyrker,52,Salgsyrker,339,389,-50,-0.12853470437018,41480.0,56892.12444444444,62000.0,0.49469623915139826,0.08978176866190757,-38,62000.0,,63060.0,45.9,28.4,111,228,0.3274336283185841,138,109,92,0.2713864306784661,3.9,2025,false,2016K2,2026K2
2659,Andre utøvende kunstneriske yrker,2,Akademiske yrker,26,"Juridiske, samfunnsvitenskapelige og humanistiske yrker",336,154,182,1.1818181818181817,29720.0,40762.631111111106,60260.0,1.0275908479138627,0.47831477893914176,-27,60260.0,60260.0,60000.0,40.5,17.9,184,152,0.5476190476190477,203,93,40,0.11904761904761904,2.3,2025,false,2016K2,2026K2
4411,Bibliotekassistenter,4,Kontoryrker,44,"Postbud, arkiv- og personalkontormedarbeidere",321,687,-366,-0.5327510917030568,31550.0,43272.57777777778,45420.0,0.43961965134706804,0.04962547489659874,-25,45420.0,45630.0,,43.1,11.2,251,70,0.7819314641744548,193,63,65,0.20249221183800623,4.9,2025,false,2016K2,2026K2
2112,Meteorologer,2,Akademiske yrker,21,"Realister, sivilingeniører mv.",316,215,101,0.46976744186046515,48960.0,67151.35999999999,66300.0,0.35416666666666674,-0.012678224238496183,-3,66300.0,65590.0,67110.0,42.6,34.4,142,174,0.44936708860759494,135,132,49,0.1550632911392405,2.2,2018,false,2016K2,2026K2
3133,Kontrolloperatører innen kjemisk prosessindustri,3,Høyskoleyrker,31,Ingeniører mv.,312,394,-82,-0.20812182741116747,41410.0,56796.11555555555,65040.0,0.570635112291717,0.14514873708890574,-9,65040.0,,65090.0,50.0,35.8,27,285,0.08653846153846154,57,132,123,0.3942307692307692,3.4,2025,false,2016K2,2026K2
7221,Smeder,7,Håndverkere,72,Metall- og maskinarbeidere,307,198,109,0.5505050505050506,34130.0,46811.191111111104,49770.0,0.4582478757691182,0.06320729762816457,29,49770.0,,50390.0,41.3,30.0,74,233,0.24104234527687296,139,96,72,0.23452768729641693,8.2,2025,false,2016K2,2026K2
2653,Koreografer og dansere,2,Akademiske yrker,26,"Juridiske, samfunnsvitenskapelige og humanistiske yrker",302,202,100,0.49504950495049505,39290.0,53888.41777777777,54050.0,0.37566810893357094,0.0029984592030247725,-46,54050.0,52050.0,55500.0,35.5,24.5,202,100,0.6688741721854304,210,73,19,0.06291390728476821,3.8,2025,false,2016K2,2026K2
7534,Møbeltapetserere mv.,7,Håndverkere,75,Andre håndverkspregede yrker,298,363,-65,-0.17906336088154273,33670.0,46180.27555555555,45000.0,0.3365013365013365,-0.02555800157874022,-11,45000.0,,45540.0,47.1,34.0,104,194,0.348993288590604,78,113,107,0.35906040268456374,4.8,2025,false,2016K2,2026K2
9510,Reklamedistributører mv.,9,"Renholdere, hjelpearbeidere mv.",95,Reklamedistributører mv.,297,214,83,0.3878504672897196,31620.0,43368.58666666666,45180.0,0.4288425047438331,0.041767866388083164,-1,45180.0,,45910.0,42.5,31.6,47,250,0.15824915824915825,130,102,65,0.21885521885521886,5.4,2025,false,2016K2,2026K2
8141,Operatører innen produksjon av gummiprodukter,8,"Prosess- og maskinoperatører, transportarbeidere mv.",81,Prosess- og maskinoperatører,287,335,-48,-0.14328358208955227,32030.0,43930.92444444444,44410.0,0.38651264439587885,0.010905200871914378,-5,44410.0,,44590.0,43.5,36.0,11,276,0.03832752613240418,106,104,77,0.2682926829268293,6.3,2025,false,2016K2,2026K2
2633,"Rådgivere/forskere, humanistiske fag",2,Akademiske yrker,26,"Juridiske, samfunnsvitenskapelige og humanistiske yrker",274,255,19,0.07450980392156858,40420.0,55438.27555555555,58790.0,0.4544779811974271,0.06045867067213573,-16,58790.0,59100.0,58730.0,43.4,34.1,154,120,0.5620437956204379,95,137,42,0.15328467153284672,4.3,2025,false,2016K2,2026K2
9211,Hjelpearbeidere i nyttevekstproduksjon,9,"Renholdere, hjelpearbeidere mv.",92,"Hjelpearbeidere i jordbruk, skogbruk og fiske",263,113,150,1.327433628318584,,,31240.0,,,-236,31240.0,31240.0,31240.0,38.0,26.4,109,154,0.4144486692015209,164,61,38,0.1444866920152091,1.9,2025,false,2016K2,2026K2
7211,Støpere,7,Håndverkere,72,Metall- og maskinarbeidere,259,424,-165,-0.38915094339622647,34000.0,46632.88888888888,46830.0,0.37735294117647067,0.004226868971827447,-31,46830.0,,47090.0,47.6,33.8,13,246,0.05019305019305019,71,99,89,0.3436293436293436,5.8,2025,false,2016K2,2026K2
3514,Internett-teknikere,3,Høyskoleyrker,35,IKT-teknikere,228,290,-62,-0.21379310344827585,45000.0,61719.99999999999,61530.0,0.3673333333333333,-0.0030784186649382983,-5,61530.0,57490.0,68750.0,40.5,34.8,113,115,0.4956140350877193,119,88,21,0.09210526315789473,4.0,2025,false,2016K2,2026K2
3433,Tekniske konservatorer,3,Høyskoleyrker,34,"Yrker innen kultur, idrett mv.",226,152,74,0.48684210526315796,37060.0,50829.84888888888,53840.0,0.45277927684835406,0.05922014676240983,11,53840.0,53570.0,54040.0,46.2,29.7,102,124,0.45132743362831856,70,105,51,0.22566371681415928,4.7,2025,false,2016K2,2026K2
5152,Husholdere,5,Salgs- og serviceyrker,51,Yrker innen personlig tjenesteyting,224,244,-20,-0.08196721311475408,34210.0,46920.91555555555,50920.0,0.4884536685179772,0.08523031567253692,7,50920.0,49230.0,,47.2,27.7,162,62,0.7232142857142857,79,70,75,0.33482142857142855,7.5,2025,false,2016K2,2026K2
2353,Andre språklærere,2,Akademiske yrker,23,Undervisningsyrker,223,83,140,1.6867469879518073,,,50000.0,,,6,50000.0,51860.0,,44.1,13.8,170,53,0.7623318385650224,100,71,52,0.23318385650224216,4.7,2025,false,2016K2,2026K2
3339,Andre yrker innen forretningstjenester,3,Høyskoleyrker,33,"Medarbeidere innen økonomi, administrasjon og salg",223,40,183,4.575,,,70830.0,,,24,70830.0,,71440.0,42.1,35.3,73,150,0.3273542600896861,110,76,37,0.16591928251121077,1.7,2025,false,2016K2,2026K2
7323,Innbindere mv.,7,Håndverkere,73,"Presisjonsarbeidere, kunsthåndverkere, grafiske arbeidere mv.",218,364,-146,-0.4010989010989011,30710.0,42120.47111111111,43290.0,0.40963855421686746,0.027766282238480766,-2,43290.0,,43960.0,47.5,32.6,65,153,0.2981651376146789,57,85,76,0.3486238532110092,5.9,2025,false,2016K2,2026K2
3230,Yrker innen alternativ medisin,3,Høyskoleyrker,32,Helserelaterte yrker,210,212,-2,-0.009433962264150941,37500.0,51433.33333333333,53960.0,0.4389333333333334,0.049125081011017535,-4,53960.0,51700.0,,44.0,30.7,127,83,0.6047619047619047,70,103,37,0.1761904761904762,5.3,2025,false,2016K2,2026K2
6111,Korn- og grønnsaksprodusenter,6,"Bønder, fiskere mv.",61,Jordbrukere,204,230,-26,-0.11304347826086958,26100.0,35797.6,38970.0,0.49310344827586206,0.08862046617650354,-63,38970.0,,40000.0,41.3,21.8,33,171,0.16176470588235295,101,48,55,0.2696078431372549,4.1,2025,false,2016K2,2026K2
3135,Kontrolloperatører innen metallproduksjon,3,Høyskoleyrker,31,Ingeniører mv.,191,256,-65,-0.25390625,43840.0,60128.99555555555,58510.0,0.33462591240875916,-0.026925371704566325,-4,58510.0,,58780.0,50.5,36.2,10,181,0.05235602094240838,37,70,84,0.4397905759162304,5.3,2025,false,2016K2,2026K2
3121,"Arbeidsleder, bergfag",3,Høyskoleyrker,31,Ingeniører mv.,175,166,9,0.054216867469879526,51130.0,70127.63555555555,72080.0,0.4097398787404656,0.027840157863268766,-3,72080.0,,72560.0,48.2,35.3,6,169,0.03428571428571429,43,74,58,0.3314285714285714,4.7,2025,false,2016K2,2026K2
7319,Andre kunsthåndverkere,7,Håndverkere,73,"Presisjonsarbeidere, kunsthåndverkere, grafiske arbeidere mv.",173,136,37,0.2720588235294117,36490.0,50048.062222222215,51560.0,0.41298986023568096,0.030209716633273764,-18,51560.0,,51930.0,43.8,31.6,61,112,0.35260115606936415,72,60,41,0.23699421965317918,9.5,2025,false,2016K2,2026K2
8112,Prosessoperatører (oppredning),8,"Prosess- og maskinoperatører, transportarbeidere mv.",81,Prosess- og maskinoperatører,160,150,10,0.06666666666666665,40360.0,55355.982222222214,62050.0,0.5374132804757186,0.12092672750173916,-5,62050.0,,61890.0,44.4,33.5,13,147,0.08125,61,53,46,0.2875,4.4,2025,false,2016K2,2026K2
8151,Spinne- og nøstemaskinoperatører,8,"Prosess- og maskinoperatører, transportarbeidere mv.",81,Prosess- og maskinoperatører,151,112,39,0.3482142857142858,33590.0,46070.551111111105,45540.0,0.3557606430485263,-0.011516057401430801,-1,45540.0,,,43.1,32.4,102,49,0.6754966887417219,63,51,37,0.24503311258278146,6.0,2025,false,2016K2,2026K2
9123,Vinduspussere,9,"Renholdere, hjelpearbeidere mv.",91,Renholdere mv.,144,87,57,0.6551724137931034,,,,,,-10,,,,39.1,33.6,9,135,0.0625,77,51,16,0.1111111111111111,7.1,2025,false,2016K2,2026K2
2263,Helse- og miljørådgivere,2,Akademiske yrker,22,Medisinske yrker,141,47,94,2.0,,,66720.0,,,0,66720.0,61850.0,,43.1,32.4,94,47,0.6666666666666666,64,46,31,0.2198581560283688,3.9,2025,false,2016K2,2026K2
5221,Innehavere av kiosk/liten butikk,5,Salgs- og serviceyrker,52,Salgsyrker,140,159,-19,-0.11949685534591192,31840.0,43670.328888888886,50000.0,0.5703517587939699,0.1449421442924279,-2,50000.0,,,50.3,30.5,98,42,0.7,31,53,56,0.4,5.2,2025,false,2016K2,2026K2
9216,Hjelpearbeidere innen havbruk,9,"Renholdere, hjelpearbeidere mv.",92,"Hjelpearbeidere i jordbruk, skogbruk og fiske",140,20,120,6.0,,,40510.0,,,-74,40510.0,,,30.0,21.3,52,88,0.37142857142857144,117,10,13,0.09285714285714286,2.5,2025,false,2016K2,2026K2
9623,Måleravlesere mv.,9,"Renholdere, hjelpearbeidere mv.",96,Renovasjons- og gjenvinningsarbeidere mv.,91,181,-90,-0.49723756906077343,32480.0,44548.12444444444,45550.0,0.40240147783251223,0.022489735943989952,-1,45550.0,,,44.5,26.3,37,54,0.4065934065934066,30,36,25,0.27472527472527475,7.3,2025,false,2016K2,2026K2
7515,Prøvesmakere og kvalitetsbedømmere av mat og drikke,7,Håndverkere,75,Andre håndverkspregede yrker,90,75,15,0.19999999999999996,,,,,,-1,,,,47.9,33.9,44,46,0.4888888888888889,24,42,24,0.26666666666666666,5.1,2025,false,2016K2,2026K2
8312,Skiftekonduktører mv,8,"Prosess- og maskinoperatører, transportarbeidere mv.",83,Transportarbeidere og operatører av mobile maskiner mv.,87,177,-90,-0.5084745762711864,39550.0,54245.022222222215,,,,-3,,,,45.4,34.8,11,76,0.12643678160919541,34,28,25,0.28735632183908044,8.0,2025,false,2016K2,2026K2
9215,Hjelpearbeidere i skogbruk,9,"Renholdere, hjelpearbeidere mv.",92,"Hjelpearbeidere i jordbruk, skogbruk og fiske",86,50,36,0.72,,,37580.0,,,-3,37580.0,,,35.2,18.9,6,80,0.06976744186046512,55,19,12,0.13953488372093023,1.0,2025,false,2016K2,2026K2
7535,Skinnberedere og garvere,7,Håndverkere,75,Andre håndverkspregede yrker,83,154,-71,-0.461038961038961,34140.0,46824.90666666666,,,,2,,,,45.1,29.7,60,23,0.7228915662650602,29,30,24,0.2891566265060241,8.1,2025,false,2016K2,2026K2
3139,Andre prosesskontrolloperatører,3,Høyskoleyrker,31,Ingeniører mv.,80,70,10,0.1428571428571428,,,,,,2,,,,46.3,35.8,20,60,0.25,27,29,24,0.3,4.9,2025,false,2016K2,2026K2
8219,Andre montører,8,"Prosess- og maskinoperatører, transportarbeidere mv.",82,Montører,78,60,18,0.30000000000000004,,,,,,-8,,,,43.0,33.0,0,78,0.0,31,34,13,0.16666666666666666,8.8,2025,false,2016K2,2026K2
8154,Operatører innen tekstilbearbeiding,8,"Prosess- og maskinoperatører, transportarbeidere mv.",81,Prosess- og maskinoperatører,75,58,17,0.2931034482758621,,,,,,-1,,,,43.5,32.4,34,41,0.4533333333333333,29,26,20,0.26666666666666666,4.4,2025,false,2016K2,2026K2
7224,Metallslipere,7,Håndverkere,72,Metall- og maskinarbeidere,74,85,-11,-0.12941176470588234,,,,,,4,,,,45.6,34.2,3,71,0.04054054054054054,28,24,22,0.2972972972972973,4.1,2025,false,2016K2,2026K2
7312,Musikkinstrumentmakere og -stemmere,7,Håndverkere,73,"Presisjonsarbeidere, kunsthåndverkere, grafiske arbeidere mv.",67,49,18,0.36734693877551017,,,,,,3,,,,47.8,27.3,14,53,0.208955223880597,20,26,21,0.31343283582089554,3.7,2025,false,2016K2,2026K2
5242,Demonstrasjonsselgere,5,Salgs- og serviceyrker,52,Salgsyrker,65,410,-345,-0.8414634146341463,26190.0,35921.03999999999,,,,-12,,,,45.9,27.6,33,32,0.5076923076923077,24,16,25,0.38461538461538464,6.0,2025,false,2016K2,2026K2
7315,Glasshåndverkere,7,Håndverkere,73,"Presisjonsarbeidere, kunsthåndverkere, grafiske arbeidere mv.",65,119,-54,-0.45378151260504207,31470.0,43162.85333333333,,,,-3,,,,46.7,29.9,13,52,0.2,23,22,20,0.3076923076923077,7.4,2025,false,2016K2,2026K2
5241,Mannekenger og modeller,5,Salgs- og serviceyrker,52,Salgsyrker,55,35,20,0.5714285714285714,,,,,,-8,,,,27.9,9.1,38,17,0.6909090909090909,48,4,3,0.05454545454545454,4.5,2025,false,2016K2,2026K2
8156,Operatører innen skinn og lærprodukter,8,"Prosess- og maskinoperatører, transportarbeidere mv.",81,Prosess- og maskinoperatører,49,52,-3,-0.05769230769230771,,,,,,2,,,,44.1,25.9,25,24,0.5102040816326531,21,18,10,0.20408163265306123,5.9,2019,false,2016K2,2026K2
7532,Gradører,7,Håndverkere,75,Andre håndverkspregede yrker,46,55,-9,-0.1636363636363637,,,,,,-3,,,,48.2,34.7,26,20,0.5652173913043478,14,9,23,0.5,4.7,2025,false,2016K2,2026K2
2356,Andre IKT-lærere,2,Akademiske yrker,23,Undervisningsyrker,45,24,21,0.875,,,,,,-4,,,,43.3,34.2,18,27,0.4,20,11,14,0.3111111111111111,7.5,2025,false,2016K2,2026K2
9311,Hjelpearbeidere i bergverk,9,"Renholdere, hjelpearbeidere mv.",93,"Hjelpearbeidere i bergverk, industri, bygg og anlegg og transport",45,52,-7,-0.13461538461538458,,,,,,-6,,,,29.0,21.2,3,42,0.06666666666666667,34,3,8,0.17777777777777778,1.0,2025,false,2016K2,2026K2
7536,Skomakere,7,Håndverkere,75,Andre håndverkspregede yrker,43,39,4,0.10256410256410264,,,,,,-3,,,,45.7,30.4,14,29,0.32558139534883723,15,13,15,0.3488372093023256,5.9,2025,false,2016K2,2026K2
5212,"Gateselgere, mat",5,Salgs- og serviceyrker,52,Salgsyrker,40,62,-22,-0.3548387096774194,,,,,,-13,,,,34.2,14.6,22,18,0.55,34,3,3,0.075,2.5,2025,false,2016K2,2026K2
8132,Operatører innen produksjon av fotofilm og -papir mv.,8,"Prosess- og maskinoperatører, transportarbeidere mv.",81,Prosess- og maskinoperatører,37,79,-42,-0.5316455696202531,,,,,,-7,,,,36.9,28.4,14,23,0.3783783783783784,22,12,3,0.08108108108108109,5.2,2025,false,2016K2,2026K2
7543,Produkttestere (ikke matprodukter),7,Håndverkere,75,Andre håndverkspregede yrker,33,46,-13,-0.28260869565217395,,,,,,-11,,,,43.4,29.7,8,25,0.24242424242424243,17,6,10,0.30303030303030304,1.4,2025,false,2016K2,2026K2
7314,Keramikere mv.,7,Håndverkere,73,"Presisjonsarbeidere, kunsthåndverkere, grafiske arbeidere mv.",28,15,13,0.8666666666666667,,,,,,-3,,,,40.1,15.7,25,3,0.8928571428571429,19,6,3,0.10714285714285714,9.0,2025,false,2016K2,2026K2
6224,Fangstfolk,6,"Bønder, fiskere mv.",62,"Skogbrukere, fiskere mv.",22,7,15,2.142857142857143,,,,,,-5,,,,44.2,7.2,3,19,0.13636363636363635,3,5,14,0.6363636363636364,7.9,2025,false,2016K2,2026K2
7316,Dekormalere mv.,7,Håndverkere,73,"Presisjonsarbeidere, kunsthåndverkere, grafiske arbeidere mv.",21,0,21,,,,,,,4,,,,39.0,33.9,7,14,0.3333333333333333,8,10,3,0.14285714285714285,13.1,2025,false,2016K2,2026K2
7123,Gips- og sparklingsarbeidere,7,Håndverkere,71,Byggearbeidere,20,40,-20,-0.5,,,,,,-3,,,,41.7,36.4,3,17,0.15,11,5,4,0.2,1.2,2025,false,2016K2,2026K2
4131,Stenografer mv.,4,Kontoryrker,41,Kontormedarbeidere,17,25,-8,-0.31999999999999995,,,,,,1,,,,46.8,30.2,14,3,0.8235294117647058,6,6,5,0.29411764705882354,7.9,2022,false,2016K2,2026K2
9613,Gatefeiere mv.,9,"Renholdere, hjelpearbeidere mv.",96,Renovasjons- og gjenvinningsarbeidere mv.,17,31,-14,-0.4516129032258065,,,,,,33,,,,42.2,17.0,0,17,0.0,11,0,6,0.35294117647058826,4.1,2025,false,2016K2,2026K2
6112,Frukt- og bærprodusenter,6,"Bønder, fiskere mv.",61,Jordbrukere,16,7,9,1.2857142857142856,,,,,,7,,,,44.9,29.2,3,13,0.1875,8,0,8,0.5,0.6,2025,false,2016K2,2026K2
3132,Kontrolloperatører ved forbrennings- kjøle- og vannrenseanlegg mv.,3,Høyskoleyrker,31,Ingeniører mv.,14,15,-1,-0.06666666666666665,,,,,,0,,,,50.5,37.5,6,8,0.42857142857142855,3,6,5,0.35714285714285715,0.6,2025,false,2016K2,2026K2
2523,Nettverksansvarlige,2,Akademiske yrker,25,IKT-rådgivere,12,3,9,3.0,,,,,,0,,,,38.8,34.4,3,9,0.25,9,3,0,0.0,5.6,2025,false,2016K2,2026K2
7317,Kunsthåndverkere i tre mv.,7,Håndverkere,73,"Presisjonsarbeidere, kunsthåndverkere, grafiske arbeidere mv.",11,8,3,0.375,,,,,,-6,,,,28.2,16.2,8,3,0.7272727272727273,8,0,3,0.2727272727272727,3.8,2025,false,2016K2,2026K2
9129,Andre rengjørere,9,"Renholdere, hjelpearbeidere mv.",91,Renholdere mv.,11,6,5,0.8333333333333333,,,,,,-1,,,,42.3,33.8,0,11,0.0,5,3,3,0.2727272727272727,2.6,2025,false,2016K2,2026K2
3354,"Saksbehandlere for førerkort, importlisenser mv.",3,Høyskoleyrker,33,"Medarbeidere innen økonomi, administrasjon og salg",10,6,4,0.6666666666666667,,,,,,0,,,,42.0,37.5,3,7,0.3,4,6,0,0.0,23.0,2018,false,2016K2,2026K2
3411,Privatetterforskere mv.,3,Høyskoleyrker,34,"Yrker innen kultur, idrett mv.",9,3,6,2.0,,,,,,-1,,,,46.9,19.0,0,9,0.0,0,3,6,0.6666666666666666,2.7,2025,false,2016K2,2026K2
6123,Birøktere mv.,6,"Bønder, fiskere mv.",61,Jordbrukere,9,9,0,0.0,,,,,,-3,,,,44.9,24.1,0,9,0.0,3,3,3,0.3333333333333333,13.3,2016,false,2016K2,2026K2
4413,Kodere mv.,4,Kontoryrker,44,"Postbud, arkiv- og personalkontormedarbeidere",3,8,-5,-0.625,,,,,,-2,,,,,,3,0,1.0,0,3,0,0.0,,,false,2016K2,2026K2
5161,Astrologer mv.,5,Salgs- og serviceyrker,51,Yrker innen personlig tjenesteyting,3,3,0,0.0,,,,,,0,,,,,,3,0,1.0,0,0,3,1.0,,,false,2016K2,2026K2
6129,Andre dyreoppdrettere og røktere,6,"Bønder, fiskere mv.",61,Jordbrukere,3,29,-26,-0.896551724137931,,,,,,0,,,,,,0,3,0.0,0,0,3,1.0,0.6,2016,false,2016K2,2026K2
7513,Ystere mv. (gårdsproduksjon),7,Håndverkere,75,Andre håndverkspregede yrker,3,3,0,0.0,,,,,,3,,,,,,3,0,1.0,3,0,0,0.0,0.0,2025,false,2016K2,2026K2
7514,"Saftere, syltere mv. (gårdsproduksjon)",7,Håndverkere,75,Andre håndverkspregede yrker,3,6,-3,-0.5,,,,,,-3,,,,,,3,0,1.0,0,0,3,1.0,11.8,2025,false,2016K2,2026K2
4213,Pantelånere mv.,4,Kontoryrker,42,Kundeserviceyrker,0,0,0,,,,,,,0,,,,,,0,0,,0,0,0,,,,false,2016K2,2026K2
6114,"Kombinasjonsbrukere, nyttevekster",6,"Bønder, fiskere mv.",61,Jordbrukere,0,0,0,,,,,,,0,,,,0.0,0.0,0,0,,0,0,0,,,,false,2016K2,2026K2
8122,Operatører innen metallflatebehandling,8,"Prosess- og maskinoperatører, transportarbeidere mv.",81,Prosess- og maskinoperatører,0,0,0,,,,,,,0,,,,0.0,0.0,0,0,,0,0,0,,,,false,2016K2,2026K2
8155,"Operatører innen pels, skinn- og lærbearbeiding",8,"Prosess- og maskinoperatører, transportarbeidere mv.",81,Prosess- og maskinoperatører,0,3,-3,-1.0,,,,,,0,,,,,,0,0,,0,0,0,,,,false,2016K2,2026K2
8159,"Andre operatører innen produksjon av tekstiler, pels, skinn og lær",8,"Prosess- og maskinoperatører, transportarbeidere mv.",81,Prosess- og maskinoperatører,0,0,0,,,,,,,0,,,,0.0,0.0,0,0,,0,0,0,,,,false,2016K2,2026K2
8189,Andre stasjonære maskinoperatører,8,"Prosess- og maskinoperatører, transportarbeidere mv.",81,Prosess- og maskinoperatører,0,0,0,,,,,,,0,,,,0.0,0.0,0,0,,0,0,0,,,,false,2016K2,2026K2
9331,Førere av ikke-motorisert kjøretøy,9,"Renholdere, hjelpearbeidere mv.",93,"Hjelpearbeidere i bergverk, industri, bygg og anlegg og transport",0,3,-3,-1.0,,,,,,0,,,,,,0,0,,0,0,0,,,,false,2016K2,2026K2
